game,session_code,trial,player_id,role,participant_code,server_ts_ms,msg_type,lane,t_rel_ms
corridor,cdo3g5c8,1,1,matcher,fivh368p,1780317062944.789,set_game_settings,,-71284.37670898438
corridor,cdo3g5c8,1,2,avoider,4pnhmhns,1780317080860.85,ready,,-53368.315673828125
corridor,cdo3g5c8,1,1,matcher,fivh368p,1780317134118.7004,ready,,-110.46533203125
corridor,cdo3g5c8,1,1,matcher,fivh368p,1780317134229.1658,position,1.0,0.0
corridor,cdo3g5c8,1,2,avoider,4pnhmhns,1780317134258.6265,position,1.0,29.460693359375
corridor,cdo3g5c8,1,1,matcher,fivh368p,1780317136670.711,position,0.0,2441.545166015625
corridor,cdo3g5c8,1,2,avoider,4pnhmhns,1780317137043.0933,position,0.0,2813.927490234375
corridor,cdo3g5c8,1,2,avoider,4pnhmhns,1780317137528.9424,position,1.0,3299.776611328125
corridor,cdo3g5c8,1,1,matcher,fivh368p,1780317137657.0923,position,1.0,3427.926513671875
corridor,cdo3g5c8,1,1,matcher,fivh368p,1780317137739.5254,final_choice,1.0,3510.359619140625
corridor,cdo3g5c8,1,2,avoider,4pnhmhns,1780317137827.1406,final_choice,1.0,3597.974853515625
corridor,cdo3g5c8,1,1,matcher,fivh368p,1780317139037.494,next_trial,,4808.328125
corridor,cdo3g5c8,2,1,matcher,fivh368p,1780317139147.3079,position,0.0,0.0
corridor,cdo3g5c8,2,2,avoider,4pnhmhns,1780317139196.1072,position,1.0,48.79931640625
corridor,cdo3g5c8,2,2,avoider,4pnhmhns,1780317142657.3699,final_choice,1.0,3510.06201171875
corridor,cdo3g5c8,2,1,matcher,fivh368p,1780317142684.4836,final_choice,0.0,3537.17578125
corridor,cdo3g5c8,2,1,matcher,fivh368p,1780317144199.5764,next_trial,,5052.2685546875
corridor,cdo3g5c8,3,1,matcher,fivh368p,1780317144343.5586,position,1.0,0.0
corridor,cdo3g5c8,3,2,avoider,4pnhmhns,1780317144374.4011,position,1.0,30.842529296875
corridor,cdo3g5c8,3,2,avoider,4pnhmhns,1780317147847.5332,final_choice,1.0,3503.974609375
corridor,cdo3g5c8,3,1,matcher,fivh368p,1780317147856.8552,final_choice,1.0,3513.296630859375
corridor,cdo3g5c8,3,1,matcher,fivh368p,1780317149352.3354,next_trial,,5008.77685546875
corridor,cdo3g5c8,4,1,matcher,fivh368p,1780317149482.0977,position,1.0,0.0
corridor,cdo3g5c8,4,2,avoider,4pnhmhns,1780317149543.082,position,0.0,60.984375
corridor,cdo3g5c8,4,2,avoider,4pnhmhns,1780317150587.1338,position,1.0,1105.0361328125
corridor,cdo3g5c8,4,2,avoider,4pnhmhns,1780317150854.5535,position,0.0,1372.455810546875
corridor,cdo3g5c8,4,1,matcher,fivh368p,1780317151185.712,position,0.0,1703.6142578125
corridor,cdo3g5c8,4,2,avoider,4pnhmhns,1780317151631.627,position,1.0,2149.529296875
corridor,cdo3g5c8,4,1,matcher,fivh368p,1780317151924.3413,position,1.0,2442.24365234375
corridor,cdo3g5c8,4,2,avoider,4pnhmhns,1780317152564.3906,position,0.0,3082.29296875
corridor,cdo3g5c8,4,1,matcher,fivh368p,1780317152998.7673,final_choice,1.0,3516.669677734375
corridor,cdo3g5c8,4,2,avoider,4pnhmhns,1780317153050.1362,final_choice,0.0,3568.03857421875
corridor,cdo3g5c8,4,1,matcher,fivh368p,1780317154671.0967,next_trial,,5188.9990234375
corridor,cdo3g5c8,5,1,matcher,fivh368p,1780317154799.8235,position,1.0,0.0
corridor,cdo3g5c8,5,2,avoider,4pnhmhns,1780317154857.1116,position,0.0,57.2880859375
corridor,cdo3g5c8,5,2,avoider,4pnhmhns,1780317157417.74,position,1.0,2617.91650390625
corridor,cdo3g5c8,5,1,matcher,fivh368p,1780317157467.0579,position,0.0,2667.234375
corridor,cdo3g5c8,5,1,matcher,fivh368p,1780317157772.7573,position,1.0,2972.933837890625
corridor,cdo3g5c8,5,1,matcher,fivh368p,1780317158304.8413,final_choice,1.0,3505.017822265625
corridor,cdo3g5c8,5,2,avoider,4pnhmhns,1780317158369.4746,final_choice,1.0,3569.651123046875
corridor,cdo3g5c8,5,1,matcher,fivh368p,1780317159563.0933,next_trial,,4763.269775390625
corridor,cdo3g5c8,6,1,matcher,fivh368p,1780317159686.129,position,1.0,0.0
corridor,cdo3g5c8,6,2,avoider,4pnhmhns,1780317159700.4172,position,0.0,14.288330078125
corridor,cdo3g5c8,6,2,avoider,4pnhmhns,1780317161372.6694,position,1.0,1686.54052734375
corridor,cdo3g5c8,6,1,matcher,fivh368p,1780317161727.2375,position,0.0,2041.108642578125
corridor,cdo3g5c8,6,2,avoider,4pnhmhns,1780317163199.0806,final_choice,1.0,3512.95166015625
corridor,cdo3g5c8,6,1,matcher,fivh368p,1780317163217.1707,final_choice,0.0,3531.041748046875
corridor,cdo3g5c8,6,1,matcher,fivh368p,1780317164748.9556,next_trial,,5062.82666015625
corridor,cdo3g5c8,7,1,matcher,fivh368p,1780317164858.1829,position,1.0,0.0
corridor,cdo3g5c8,7,2,avoider,4pnhmhns,1780317164883.5671,position,0.0,25.38427734375
corridor,cdo3g5c8,7,2,avoider,4pnhmhns,1780317166000.487,position,1.0,1142.30419921875
corridor,cdo3g5c8,7,2,avoider,4pnhmhns,1780317166837.1362,position,0.0,1978.953369140625
corridor,cdo3g5c8,7,1,matcher,fivh368p,1780317167041.2004,position,0.0,2183.017578125
corridor,cdo3g5c8,7,2,avoider,4pnhmhns,1780317167587.9595,position,1.0,2729.776611328125
corridor,cdo3g5c8,7,1,matcher,fivh368p,1780317168360.723,final_choice,0.0,3502.5400390625
corridor,cdo3g5c8,7,2,avoider,4pnhmhns,1780317168406.162,final_choice,1.0,3547.979248046875
corridor,cdo3g5c8,7,1,matcher,fivh368p,1780317169766.1396,next_trial,,4907.956787109375
corridor,cdo3g5c8,8,1,matcher,fivh368p,1780317169891.591,position,1.0,0.0
corridor,cdo3g5c8,8,2,avoider,4pnhmhns,1780317169917.037,position,1.0,25.446044921875
corridor,cdo3g5c8,8,2,avoider,4pnhmhns,1780317170334.4238,position,0.0,442.832763671875
corridor,cdo3g5c8,8,2,avoider,4pnhmhns,1780317170928.7612,position,1.0,1037.170166015625
corridor,cdo3g5c8,8,1,matcher,fivh368p,1780317171200.8057,position,0.0,1309.214599609375
corridor,cdo3g5c8,8,2,avoider,4pnhmhns,1780317171411.663,position,0.0,1520.072021484375
corridor,cdo3g5c8,8,2,avoider,4pnhmhns,1780317171777.123,position,1.0,1885.531982421875
corridor,cdo3g5c8,8,1,matcher,fivh368p,1780317172245.002,position,1.0,2353.410888671875
corridor,cdo3g5c8,8,2,avoider,4pnhmhns,1780317172615.8005,position,0.0,2724.20947265625
corridor,cdo3g5c8,8,1,matcher,fivh368p,1780317173392.1394,final_choice,1.0,3500.54833984375
corridor,cdo3g5c8,8,2,avoider,4pnhmhns,1780317173404.4646,final_choice,0.0,3512.87353515625
corridor,cdo3g5c8,8,1,matcher,fivh368p,1780317174925.1921,next_trial,,5033.60107421875
corridor,cdo3g5c8,9,1,matcher,fivh368p,1780317175052.7932,position,1.0,0.0
corridor,cdo3g5c8,9,2,avoider,4pnhmhns,1780317175082.9055,position,1.0,30.1123046875
corridor,cdo3g5c8,9,2,avoider,4pnhmhns,1780317175519.8545,position,0.0,467.061279296875
corridor,cdo3g5c8,9,2,avoider,4pnhmhns,1780317178561.4238,final_choice,0.0,3508.630615234375
corridor,cdo3g5c8,9,1,matcher,fivh368p,1780317178632.928,final_choice,1.0,3580.134765625
corridor,cdo3g5c8,9,1,matcher,fivh368p,1780317180147.6265,next_trial,,5094.833251953125
corridor,cdo3g5c8,10,1,matcher,fivh368p,1780317180295.07,position,1.0,0.0
corridor,cdo3g5c8,10,2,avoider,4pnhmhns,1780317180328.6611,position,1.0,33.591064453125
corridor,cdo3g5c8,10,2,avoider,4pnhmhns,1780317180879.862,position,0.0,584.7919921875
corridor,cdo3g5c8,10,1,matcher,fivh368p,1780317181339.342,position,0.0,1044.27197265625
corridor,cdo3g5c8,10,2,avoider,4pnhmhns,1780317181706.2468,position,1.0,1411.1767578125
corridor,cdo3g5c8,10,1,matcher,fivh368p,1780317181727.2659,position,1.0,1432.19580078125
corridor,cdo3g5c8,10,2,avoider,4pnhmhns,1780317182187.4683,position,0.0,1892.398193359375
corridor,cdo3g5c8,10,1,matcher,fivh368p,1780317182751.2317,position,0.0,2456.16162109375
corridor,cdo3g5c8,10,2,avoider,4pnhmhns,1780317183178.8894,position,1.0,2883.8193359375
corridor,cdo3g5c8,10,1,matcher,fivh368p,1780317183686.0784,position,1.0,3391.00830078125
corridor,cdo3g5c8,10,1,matcher,fivh368p,1780317183807.195,final_choice,1.0,3512.125
corridor,cdo3g5c8,10,2,avoider,4pnhmhns,1780317183848.4365,final_choice,1.0,3553.366455078125
corridor,cdo3g5c8,10,1,matcher,fivh368p,1780317185179.3955,next_trial,,4884.325439453125
corridor,cdo3g5c8,11,1,matcher,fivh368p,1780317185320.3596,position,1.0,0.0
corridor,cdo3g5c8,11,2,avoider,4pnhmhns,1780317185343.7593,position,1.0,23.399658203125
corridor,cdo3g5c8,11,1,matcher,fivh368p,1780317186786.4004,position,0.0,1466.040771484375
corridor,cdo3g5c8,11,1,matcher,fivh368p,1780317187482.7383,position,1.0,2162.378662109375
corridor,cdo3g5c8,11,2,avoider,4pnhmhns,1780317188812.1086,final_choice,1.0,3491.7490234375
corridor,cdo3g5c8,11,1,matcher,fivh368p,1780317188837.359,final_choice,1.0,3516.999267578125
corridor,cdo3g5c8,11,1,matcher,fivh368p,1780317190163.0774,next_trial,,4842.7177734375
corridor,cdo3g5c8,12,1,matcher,fivh368p,1780317190304.0195,position,1.0,0.0
corridor,cdo3g5c8,12,2,avoider,4pnhmhns,1780317190388.3826,position,1.0,84.363037109375
corridor,cdo3g5c8,12,2,avoider,4pnhmhns,1780317190782.4863,position,0.0,478.466796875
corridor,cdo3g5c8,12,1,matcher,fivh368p,1780317191155.1033,position,0.0,851.083740234375
corridor,cdo3g5c8,12,2,avoider,4pnhmhns,1780317191524.6113,position,1.0,1220.591796875
corridor,cdo3g5c8,12,1,matcher,fivh368p,1780317191906.1482,position,1.0,1602.128662109375
corridor,cdo3g5c8,12,2,avoider,4pnhmhns,1780317192237.3389,position,0.0,1933.3193359375
corridor,cdo3g5c8,12,1,matcher,fivh368p,1780317192310.2961,position,0.0,2006.276611328125
corridor,cdo3g5c8,12,1,matcher,fivh368p,1780317193829.8855,final_choice,0.0,3525.865966796875
corridor,cdo3g5c8,12,2,avoider,4pnhmhns,1780317193899.4453,final_choice,0.0,3595.42578125
corridor,cdo3g5c8,12,1,matcher,fivh368p,1780317195316.3152,next_trial,,5012.295654296875
corridor,cdo3g5c8,13,1,matcher,fivh368p,1780317195445.7017,position,0.0,0.0
corridor,cdo3g5c8,13,2,avoider,4pnhmhns,1780317195477.497,position,0.0,31.79541015625
corridor,cdo3g5c8,13,2,avoider,4pnhmhns,1780317195825.1255,position,1.0,379.423828125
corridor,cdo3g5c8,13,1,matcher,fivh368p,1780317196249.259,position,1.0,803.557373046875
corridor,cdo3g5c8,13,2,avoider,4pnhmhns,1780317198953.9417,final_choice,1.0,3508.239990234375
corridor,cdo3g5c8,13,1,matcher,fivh368p,1780317198992.3196,final_choice,1.0,3546.617919921875
corridor,cdo3g5c8,13,1,matcher,fivh368p,1780317200280.2976,next_trial,,4834.595947265625
corridor,cdo3g5c8,14,1,matcher,fivh368p,1780317200398.1428,position,1.0,0.0
corridor,cdo3g5c8,14,2,avoider,4pnhmhns,1780317200415.039,position,0.0,16.896240234375
corridor,cdo3g5c8,14,1,matcher,fivh368p,1780317200947.3538,position,0.0,549.2109375
corridor,cdo3g5c8,14,2,avoider,4pnhmhns,1780317201870.3037,position,1.0,1472.160888671875
corridor,cdo3g5c8,14,1,matcher,fivh368p,1780317201913.2651,position,1.0,1515.122314453125
corridor,cdo3g5c8,14,1,matcher,fivh368p,1780317202251.8962,position,0.0,1853.75341796875
corridor,cdo3g5c8,14,2,avoider,4pnhmhns,1780317202326.3945,position,0.0,1928.251708984375
corridor,cdo3g5c8,14,1,matcher,fivh368p,1780317202551.8645,position,1.0,2153.7216796875
corridor,cdo3g5c8,14,2,avoider,4pnhmhns,1780317202607.5361,position,1.0,2209.393310546875
corridor,cdo3g5c8,14,2,avoider,4pnhmhns,1780317202942.5662,position,0.0,2544.42333984375
corridor,cdo3g5c8,14,1,matcher,fivh368p,1780317203329.654,position,0.0,2931.51123046875
corridor,cdo3g5c8,14,1,matcher,fivh368p,1780317203593.9934,position,1.0,3195.8505859375
corridor,cdo3g5c8,14,2,avoider,4pnhmhns,1780317203756.6592,position,1.0,3358.516357421875
corridor,cdo3g5c8,14,1,matcher,fivh368p,1780317203900.5166,position,0.0,3502.373779296875
corridor,cdo3g5c8,14,2,avoider,4pnhmhns,1780317203920.69,final_choice,1.0,3522.547119140625
corridor,cdo3g5c8,14,1,matcher,fivh368p,1780317203950.9023,final_choice,0.0,3552.759521484375
corridor,cdo3g5c8,14,1,matcher,fivh368p,1780317205285.4187,next_trial,,4887.27587890625
corridor,cdo3g5c8,15,1,matcher,fivh368p,1780317205407.4336,position,0.0,0.0
corridor,cdo3g5c8,15,2,avoider,4pnhmhns,1780317205435.6238,position,0.0,28.190185546875
corridor,cdo3g5c8,15,2,avoider,4pnhmhns,1780317206013.472,position,1.0,606.038330078125
corridor,cdo3g5c8,15,2,avoider,4pnhmhns,1780317206327.6074,position,0.0,920.173828125
corridor,cdo3g5c8,15,2,avoider,4pnhmhns,1780317206578.8423,position,1.0,1171.40869140625
corridor,cdo3g5c8,15,1,matcher,fivh368p,1780317206659.6042,position,1.0,1252.170654296875
corridor,cdo3g5c8,15,2,avoider,4pnhmhns,1780317206892.7332,position,0.0,1485.299560546875
corridor,cdo3g5c8,15,2,avoider,4pnhmhns,1780317208903.029,final_choice,0.0,3495.595458984375
corridor,cdo3g5c8,15,1,matcher,fivh368p,1780317208930.2546,final_choice,1.0,3522.821044921875
corridor,cdo3g5c8,15,1,matcher,fivh368p,1780317210104.7625,next_trial,,4697.328857421875
corridor,cdo3g5c8,16,1,matcher,fivh368p,1780317210218.415,position,1.0,0.0
corridor,cdo3g5c8,16,2,avoider,4pnhmhns,1780317210250.6973,position,0.0,32.2822265625
corridor,cdo3g5c8,16,2,avoider,4pnhmhns,1780317210547.5864,position,1.0,329.17138671875
corridor,cdo3g5c8,16,1,matcher,fivh368p,1780317210850.4314,position,0.0,632.016357421875
corridor,cdo3g5c8,16,2,avoider,4pnhmhns,1780317210874.1462,position,0.0,655.731201171875
corridor,cdo3g5c8,16,2,avoider,4pnhmhns,1780317211277.5723,position,1.0,1059.1572265625
corridor,cdo3g5c8,16,1,matcher,fivh368p,1780317211429.2585,position,1.0,1210.843505859375
corridor,cdo3g5c8,16,1,matcher,fivh368p,1780317211701.788,position,0.0,1483.373046875
corridor,cdo3g5c8,16,2,avoider,4pnhmhns,1780317211849.015,position,0.0,1630.599853515625
corridor,cdo3g5c8,16,1,matcher,fivh368p,1780317212007.1445,position,1.0,1788.7294921875
corridor,cdo3g5c8,16,2,avoider,4pnhmhns,1780317212185.298,position,1.0,1966.883056640625
corridor,cdo3g5c8,16,1,matcher,fivh368p,1780317212397.0234,position,0.0,2178.6083984375
corridor,cdo3g5c8,16,2,avoider,4pnhmhns,1780317212414.3406,position,0.0,2195.925537109375
corridor,cdo3g5c8,16,1,matcher,fivh368p,1780317212663.4832,position,1.0,2445.068115234375
corridor,cdo3g5c8,16,2,avoider,4pnhmhns,1780317212795.026,position,1.0,2576.61083984375
corridor,cdo3g5c8,16,1,matcher,fivh368p,1780317213735.5112,final_choice,1.0,3517.09619140625
corridor,cdo3g5c8,16,2,avoider,4pnhmhns,1780317213767.1873,final_choice,1.0,3548.772216796875
corridor,cdo3g5c8,16,1,matcher,fivh368p,1780317215081.35,next_trial,,4862.93505859375
corridor,cdo3g5c8,17,1,matcher,fivh368p,1780317215207.159,position,0.0,0.0
corridor,cdo3g5c8,17,2,avoider,4pnhmhns,1780317215246.1843,position,0.0,39.025390625
corridor,cdo3g5c8,17,2,avoider,4pnhmhns,1780317215598.091,position,1.0,390.93212890625
corridor,cdo3g5c8,17,1,matcher,fivh368p,1780317216784.8237,position,1.0,1577.664794921875
corridor,cdo3g5c8,17,2,avoider,4pnhmhns,1780317217164.314,position,0.0,1957.155029296875
corridor,cdo3g5c8,17,1,matcher,fivh368p,1780317217546.9817,position,0.0,2339.82275390625
corridor,cdo3g5c8,17,2,avoider,4pnhmhns,1780317217876.1174,position,1.0,2668.95849609375
corridor,cdo3g5c8,17,1,matcher,fivh368p,1780317217921.458,position,1.0,2714.299072265625
corridor,cdo3g5c8,17,2,avoider,4pnhmhns,1780317218239.1885,position,0.0,3032.029541015625
corridor,cdo3g5c8,17,1,matcher,fivh368p,1780317218727.7095,final_choice,1.0,3520.550537109375
corridor,cdo3g5c8,17,2,avoider,4pnhmhns,1780317218765.8218,final_choice,0.0,3558.662841796875
corridor,cdo3g5c8,17,1,matcher,fivh368p,1780317220070.6807,next_trial,,4863.521728515625
corridor,cdo3g5c8,18,1,matcher,fivh368p,1780317220188.3015,position,1.0,0.0
corridor,cdo3g5c8,18,2,avoider,4pnhmhns,1780317220286.363,position,0.0,98.0615234375
corridor,cdo3g5c8,18,1,matcher,fivh368p,1780317221867.9846,position,0.0,1679.68310546875
corridor,cdo3g5c8,18,1,matcher,fivh368p,1780317222887.5515,position,1.0,2699.25
corridor,cdo3g5c8,18,2,avoider,4pnhmhns,1780317223240.9788,position,1.0,3052.67724609375
corridor,cdo3g5c8,18,1,matcher,fivh368p,1780317223346.6895,position,0.0,3158.387939453125
corridor,cdo3g5c8,18,1,matcher,fivh368p,1780317223709.8108,final_choice,0.0,3521.50927734375
corridor,cdo3g5c8,18,2,avoider,4pnhmhns,1780317223792.9949,final_choice,1.0,3604.693359375
corridor,cdo3g5c8,18,1,matcher,fivh368p,1780317225018.1416,next_trial,,4829.840087890625
corridor,cdo3g5c8,19,1,matcher,fivh368p,1780317225137.6416,position,0.0,0.0
corridor,cdo3g5c8,19,2,avoider,4pnhmhns,1780317225159.1846,position,1.0,21.54296875
corridor,cdo3g5c8,19,1,matcher,fivh368p,1780317226583.0723,position,1.0,1445.4306640625
corridor,cdo3g5c8,19,2,avoider,4pnhmhns,1780317226924.1406,position,0.0,1786.4990234375
corridor,cdo3g5c8,19,1,matcher,fivh368p,1780317227342.468,position,0.0,2204.826416015625
corridor,cdo3g5c8,19,1,matcher,fivh368p,1780317227792.8147,position,1.0,2655.173095703125
corridor,cdo3g5c8,19,2,avoider,4pnhmhns,1780317227887.8987,position,1.0,2750.257080078125
corridor,cdo3g5c8,19,1,matcher,fivh368p,1780317228117.4622,position,0.0,2979.820556640625
corridor,cdo3g5c8,19,2,avoider,4pnhmhns,1780317228314.9211,position,0.0,3177.279541015625
corridor,cdo3g5c8,19,1,matcher,fivh368p,1780317228462.1196,position,1.0,3324.47802734375
corridor,cdo3g5c8,19,2,avoider,4pnhmhns,1780317228638.0093,final_choice,0.0,3500.36767578125
corridor,cdo3g5c8,19,1,matcher,fivh368p,1780317228652.7607,final_choice,1.0,3515.119140625
corridor,cdo3g5c8,19,1,matcher,fivh368p,1780317229943.309,next_trial,,4805.66748046875
corridor,cdo3g5c8,20,1,matcher,fivh368p,1780317230045.967,position,0.0,0.0
corridor,cdo3g5c8,20,2,avoider,4pnhmhns,1780317230073.9072,position,0.0,27.940185546875
corridor,cdo3g5c8,20,2,avoider,4pnhmhns,1780317231472.6797,position,1.0,1426.712646484375
corridor,cdo3g5c8,20,1,matcher,fivh368p,1780317232219.9556,position,1.0,2173.988525390625
corridor,cdo3g5c8,20,1,matcher,fivh368p,1780317232478.1624,position,0.0,2432.1953125
corridor,cdo3g5c8,20,2,avoider,4pnhmhns,1780317232731.8418,position,0.0,2685.874755859375
corridor,cdo3g5c8,20,1,matcher,fivh368p,1780317233566.5571,final_choice,0.0,3520.590087890625
corridor,cdo3g5c8,20,2,avoider,4pnhmhns,1780317233625.3699,final_choice,0.0,3579.40283203125
corridor,cdo3g5c8,20,1,matcher,fivh368p,1780317234887.4663,next_trial,,4841.499267578125
corridor,cdo3g5c8,21,1,matcher,fivh368p,1780317234999.7937,position,1.0,0.0
corridor,cdo3g5c8,21,2,avoider,4pnhmhns,1780317235045.0645,position,1.0,45.270751953125
corridor,cdo3g5c8,21,2,avoider,4pnhmhns,1780317235508.4849,position,0.0,508.691162109375
corridor,cdo3g5c8,21,1,matcher,fivh368p,1780317236367.1934,position,0.0,1367.399658203125
corridor,cdo3g5c8,21,1,matcher,fivh368p,1780317236609.3645,position,1.0,1609.57080078125
corridor,cdo3g5c8,21,1,matcher,fivh368p,1780317238518.4753,final_choice,1.0,3518.681640625
corridor,cdo3g5c8,21,2,avoider,4pnhmhns,1780317238547.379,final_choice,0.0,3547.585205078125
corridor,cdo3g5c8,21,1,matcher,fivh368p,1780317239884.9329,next_trial,,4885.13916015625
corridor,cdo3g5c8,22,1,matcher,fivh368p,1780317239999.402,position,1.0,0.0
corridor,cdo3g5c8,22,2,avoider,4pnhmhns,1780317240094.583,position,1.0,95.180908203125
corridor,cdo3g5c8,22,2,avoider,4pnhmhns,1780317240557.6619,position,0.0,558.259765625
corridor,cdo3g5c8,22,1,matcher,fivh368p,1780317243515.6228,final_choice,1.0,3516.220703125
corridor,cdo3g5c8,22,2,avoider,4pnhmhns,1780317243563.1934,final_choice,0.0,3563.791259765625
corridor,cdo3g5c8,22,1,matcher,fivh368p,1780317245059.379,next_trial,,5059.976806640625
corridor,cdo3g5c8,23,1,matcher,fivh368p,1780317245175.7183,position,0.0,0.0
corridor,cdo3g5c8,23,2,avoider,4pnhmhns,1780317245209.6978,position,0.0,33.9794921875
corridor,cdo3g5c8,23,2,avoider,4pnhmhns,1780317245774.0862,position,1.0,598.367919921875
corridor,cdo3g5c8,23,1,matcher,fivh368p,1780317248680.9004,final_choice,0.0,3505.18212890625
corridor,cdo3g5c8,23,2,avoider,4pnhmhns,1780317248702.6921,final_choice,1.0,3526.973876953125
corridor,cdo3g5c8,23,1,matcher,fivh368p,1780317249943.1816,next_trial,,4767.46337890625
corridor,cdo3g5c8,24,1,matcher,fivh368p,1780317250058.3462,position,0.0,0.0
corridor,cdo3g5c8,24,2,avoider,4pnhmhns,1780317250079.7393,position,1.0,21.39306640625
corridor,cdo3g5c8,24,1,matcher,fivh368p,1780317250418.6145,position,1.0,360.268310546875
corridor,cdo3g5c8,24,2,avoider,4pnhmhns,1780317250657.2864,position,0.0,598.940185546875
corridor,cdo3g5c8,24,1,matcher,fivh368p,1780317251457.6304,position,0.0,1399.2841796875
corridor,cdo3g5c8,24,1,matcher,fivh368p,1780317253564.778,final_choice,0.0,3506.431884765625
corridor,cdo3g5c8,24,2,avoider,4pnhmhns,1780317253606.6106,final_choice,0.0,3548.264404296875
corridor,cdo3g5c8,24,1,matcher,fivh368p,1780317254816.1653,next_trial,,4757.819091796875
corridor,cdo3g5c8,25,1,matcher,fivh368p,1780317254937.5544,position,0.0,0.0
corridor,cdo3g5c8,25,2,avoider,4pnhmhns,1780317254998.3813,position,0.0,60.826904296875
corridor,cdo3g5c8,25,2,avoider,4pnhmhns,1780317255291.855,position,1.0,354.300537109375
corridor,cdo3g5c8,25,1,matcher,fivh368p,1780317255672.495,position,1.0,734.940673828125
corridor,cdo3g5c8,25,2,avoider,4pnhmhns,1780317256016.4111,position,0.0,1078.856689453125
corridor,cdo3g5c8,25,2,avoider,4pnhmhns,1780317256672.2273,position,1.0,1734.6728515625
corridor,cdo3g5c8,25,1,matcher,fivh368p,1780317256703.98,position,0.0,1766.425537109375
corridor,cdo3g5c8,25,2,avoider,4pnhmhns,1780317256997.4526,position,0.0,2059.898193359375
corridor,cdo3g5c8,25,1,matcher,fivh368p,1780317258436.6018,final_choice,0.0,3499.04736328125
corridor,cdo3g5c8,25,2,avoider,4pnhmhns,1780317258508.364,final_choice,0.0,3570.8095703125
corridor,cdo3g5c8,25,1,matcher,fivh368p,1780317259675.6033,next_trial,,4738.048828125
corridor,cdo3g5c8,26,1,matcher,fivh368p,1780317259791.0327,position,1.0,0.0
corridor,cdo3g5c8,26,2,avoider,4pnhmhns,1780317259807.263,position,1.0,16.230224609375
corridor,cdo3g5c8,26,2,avoider,4pnhmhns,1780317260133.6729,position,0.0,342.64013671875
corridor,cdo3g5c8,26,1,matcher,fivh368p,1780317260670.9485,position,0.0,879.915771484375
corridor,cdo3g5c8,26,2,avoider,4pnhmhns,1780317261062.4116,position,1.0,1271.37890625
corridor,cdo3g5c8,26,1,matcher,fivh368p,1780317261589.6182,position,1.0,1798.58544921875
corridor,cdo3g5c8,26,2,avoider,4pnhmhns,1780317261911.4573,position,0.0,2120.424560546875
corridor,cdo3g5c8,26,1,matcher,fivh368p,1780317262351.959,position,0.0,2560.92626953125
corridor,cdo3g5c8,26,1,matcher,fivh368p,1780317263312.7854,final_choice,0.0,3521.752685546875
corridor,cdo3g5c8,26,2,avoider,4pnhmhns,1780317263354.242,final_choice,0.0,3563.209228515625
corridor,cdo3g5c8,26,1,matcher,fivh368p,1780317264877.164,next_trial,,5086.13134765625
corridor,cdo3g5c8,27,1,matcher,fivh368p,1780317264995.9233,position,1.0,0.0
corridor,cdo3g5c8,27,2,avoider,4pnhmhns,1780317265025.7268,position,1.0,29.803466796875
corridor,cdo3g5c8,27,2,avoider,4pnhmhns,1780317265304.652,position,0.0,308.728759765625
corridor,cdo3g5c8,27,1,matcher,fivh368p,1780317265399.9985,position,0.0,404.0751953125
corridor,cdo3g5c8,27,2,avoider,4pnhmhns,1780317265825.9395,position,1.0,830.01611328125
corridor,cdo3g5c8,27,2,avoider,4pnhmhns,1780317266143.5415,position,0.0,1147.6181640625
corridor,cdo3g5c8,27,1,matcher,fivh368p,1780317266415.1472,position,1.0,1419.223876953125
corridor,cdo3g5c8,27,2,avoider,4pnhmhns,1780317266542.413,position,1.0,1546.48974609375
corridor,cdo3g5c8,27,1,matcher,fivh368p,1780317266780.461,position,0.0,1784.53759765625
corridor,cdo3g5c8,27,2,avoider,4pnhmhns,1780317266859.8066,position,0.0,1863.88330078125
corridor,cdo3g5c8,27,2,avoider,4pnhmhns,1780317267251.712,position,1.0,2255.78857421875
corridor,cdo3g5c8,27,1,matcher,fivh368p,1780317267748.3826,position,1.0,2752.459228515625
corridor,cdo3g5c8,27,2,avoider,4pnhmhns,1780317268199.8015,position,0.0,3203.878173828125
corridor,cdo3g5c8,27,2,avoider,4pnhmhns,1780317268502.1545,final_choice,0.0,3506.231201171875
corridor,cdo3g5c8,27,1,matcher,fivh368p,1780317268526.0994,final_choice,1.0,3530.176025390625
corridor,cdo3g5c8,27,1,matcher,fivh368p,1780317270103.7385,next_trial,,5107.815185546875
corridor,cdo3g5c8,28,1,matcher,fivh368p,1780317270237.2566,position,0.0,0.0
corridor,cdo3g5c8,28,2,avoider,4pnhmhns,1780317270272.4253,position,0.0,35.168701171875
corridor,cdo3g5c8,28,2,avoider,4pnhmhns,1780317270639.7432,position,1.0,402.486572265625
corridor,cdo3g5c8,28,1,matcher,fivh368p,1780317271138.1843,position,1.0,900.927734375
corridor,cdo3g5c8,28,2,avoider,4pnhmhns,1780317271851.4841,position,0.0,1614.2275390625
corridor,cdo3g5c8,28,1,matcher,fivh368p,1780317272241.8296,position,0.0,2004.572998046875
corridor,cdo3g5c8,28,2,avoider,4pnhmhns,1780317272800.305,position,1.0,2563.04833984375
corridor,cdo3g5c8,28,1,matcher,fivh368p,1780317273248.4604,position,1.0,3011.203857421875
corridor,cdo3g5c8,28,1,matcher,fivh368p,1780317273742.5012,final_choice,1.0,3505.24462890625
corridor,cdo3g5c8,28,2,avoider,4pnhmhns,1780317273775.2913,final_choice,1.0,3538.03466796875
corridor,cdo3g5c8,28,1,matcher,fivh368p,1780317275330.5083,next_trial,,5093.251708984375
corridor,cdo3g5c8,29,1,matcher,fivh368p,1780317275455.4192,position,0.0,0.0
corridor,cdo3g5c8,29,2,avoider,4pnhmhns,1780317275476.5583,position,0.0,21.13916015625
corridor,cdo3g5c8,29,2,avoider,4pnhmhns,1780317275989.6206,position,1.0,534.201416015625
corridor,cdo3g5c8,29,1,matcher,fivh368p,1780317276084.6855,position,1.0,629.266357421875
corridor,cdo3g5c8,29,2,avoider,4pnhmhns,1780317277368.0254,position,0.0,1912.606201171875
corridor,cdo3g5c8,29,2,avoider,4pnhmhns,1780317278956.8503,final_choice,0.0,3501.43115234375
corridor,cdo3g5c8,29,1,matcher,fivh368p,1780317278971.862,final_choice,1.0,3516.44287109375
corridor,cdo3g5c8,29,1,matcher,fivh368p,1780317280254.854,next_trial,,4799.434814453125
corridor,cdo3g5c8,30,1,matcher,fivh368p,1780317280365.7866,position,1.0,0.0
corridor,cdo3g5c8,30,2,avoider,4pnhmhns,1780317280398.8098,position,1.0,33.023193359375
corridor,cdo3g5c8,30,1,matcher,fivh368p,1780317280933.3508,position,0.0,567.564208984375
corridor,cdo3g5c8,30,2,avoider,4pnhmhns,1780317281105.1028,position,0.0,739.316162109375
corridor,cdo3g5c8,30,1,matcher,fivh368p,1780317283874.2715,final_choice,0.0,3508.48486328125
corridor,cdo3g5c8,30,2,avoider,4pnhmhns,1780317283908.4404,final_choice,0.0,3542.65380859375
corridor,cdo3g5c8,30,1,matcher,fivh368p,1780317285367.9739,next_trial,,5002.187255859375
corridor,cdo3g5c8,31,1,matcher,fivh368p,1780317285503.4731,position,0.0,0.0
corridor,cdo3g5c8,31,2,avoider,4pnhmhns,1780317285535.6348,position,0.0,32.16162109375
corridor,cdo3g5c8,31,1,matcher,fivh368p,1780317286050.4905,position,1.0,547.017333984375
corridor,cdo3g5c8,31,2,avoider,4pnhmhns,1780317286112.7886,position,1.0,609.3154296875
corridor,cdo3g5c8,31,2,avoider,4pnhmhns,1780317286524.5417,position,0.0,1021.068603515625
corridor,cdo3g5c8,31,1,matcher,fivh368p,1780317287642.4597,position,0.0,2138.986572265625
corridor,cdo3g5c8,31,2,avoider,4pnhmhns,1780317288002.6738,position,1.0,2499.20068359375
corridor,cdo3g5c8,31,2,avoider,4pnhmhns,1780317289005.2002,final_choice,1.0,3501.72705078125
corridor,cdo3g5c8,31,1,matcher,fivh368p,1780317289035.7979,final_choice,0.0,3532.32470703125
corridor,cdo3g5c8,31,1,matcher,fivh368p,1780317290430.4397,next_trial,,4926.966552734375
corridor,cdo3g5c8,32,1,matcher,fivh368p,1780317290545.6118,position,0.0,0.0
corridor,cdo3g5c8,32,2,avoider,4pnhmhns,1780317290644.452,position,1.0,98.840087890625
corridor,cdo3g5c8,32,2,avoider,4pnhmhns,1780317291131.3257,position,0.0,585.7138671875
corridor,cdo3g5c8,32,1,matcher,fivh368p,1780317291357.3213,position,1.0,811.70947265625
corridor,cdo3g5c8,32,2,avoider,4pnhmhns,1780317291390.5059,position,1.0,844.89404296875
corridor,cdo3g5c8,32,2,avoider,4pnhmhns,1780317291881.8845,position,0.0,1336.272705078125
corridor,cdo3g5c8,32,1,matcher,fivh368p,1780317292754.732,position,0.0,2209.1201171875
corridor,cdo3g5c8,32,2,avoider,4pnhmhns,1780317293159.2896,position,1.0,2613.677734375
corridor,cdo3g5c8,32,1,matcher,fivh368p,1780317293573.7046,position,1.0,3028.0927734375
corridor,cdo3g5c8,32,1,matcher,fivh368p,1780317294070.9458,final_choice,1.0,3525.333984375
corridor,cdo3g5c8,32,2,avoider,4pnhmhns,1780317294143.2356,final_choice,1.0,3597.623779296875
corridor,cdo3g5c8,32,1,matcher,fivh368p,1780317295559.533,next_trial,,5013.921142578125
corridor,cdo3g5c8,33,1,matcher,fivh368p,1780317295675.994,position,0.0,0.0
corridor,cdo3g5c8,33,2,avoider,4pnhmhns,1780317295688.746,position,1.0,12.752197265625
corridor,cdo3g5c8,33,1,matcher,fivh368p,1780317296687.809,position,1.0,1011.815185546875
corridor,cdo3g5c8,33,2,avoider,4pnhmhns,1780317297431.724,position,0.0,1755.730224609375
corridor,cdo3g5c8,33,1,matcher,fivh368p,1780317297968.9275,position,0.0,2292.93359375
corridor,cdo3g5c8,33,2,avoider,4pnhmhns,1780317298426.609,position,1.0,2750.614990234375
corridor,cdo3g5c8,33,1,matcher,fivh368p,1780317298755.14,position,1.0,3079.14599609375
corridor,cdo3g5c8,33,1,matcher,fivh368p,1780317299198.9287,final_choice,1.0,3522.934814453125
corridor,cdo3g5c8,33,2,avoider,4pnhmhns,1780317299243.2915,final_choice,1.0,3567.297607421875
corridor,cdo3g5c8,33,1,matcher,fivh368p,1780317300668.9243,next_trial,,4992.930419921875
corridor,cdo3g5c8,34,1,matcher,fivh368p,1780317300790.6633,position,0.0,0.0
corridor,cdo3g5c8,34,2,avoider,4pnhmhns,1780317300887.3848,position,0.0,96.721435546875
corridor,cdo3g5c8,34,1,matcher,fivh368p,1780317301244.8445,position,1.0,454.18115234375
corridor,cdo3g5c8,34,1,matcher,fivh368p,1780317304315.229,final_choice,1.0,3524.565673828125
corridor,cdo3g5c8,34,2,avoider,4pnhmhns,1780317304590.9114,final_choice,0.0,3800.248046875
corridor,cdo3g5c8,34,1,matcher,fivh368p,1780317305877.0103,next_trial,,5086.346923828125
corridor,cdo3g5c8,35,1,matcher,fivh368p,1780317305983.5957,position,0.0,0.0
corridor,cdo3g5c8,35,2,avoider,4pnhmhns,1780317306018.1528,position,0.0,34.55712890625
corridor,cdo3g5c8,35,1,matcher,fivh368p,1780317306796.103,position,1.0,812.50732421875
corridor,cdo3g5c8,35,2,avoider,4pnhmhns,1780317309507.2378,final_choice,0.0,3523.64208984375
corridor,cdo3g5c8,35,1,matcher,fivh368p,1780317309566.273,final_choice,1.0,3582.67724609375
corridor,cdo3g5c8,35,1,matcher,fivh368p,1780317311135.5117,next_trial,,5151.916015625
corridor,cdo3g5c8,36,2,avoider,4pnhmhns,1780317311291.492,position,0.0,0.0
corridor,cdo3g5c8,36,1,matcher,fivh368p,1780317311311.7124,position,1.0,20.220458984375
corridor,cdo3g5c8,36,1,matcher,fivh368p,1780317311914.246,position,0.0,622.754150390625
corridor,cdo3g5c8,36,1,matcher,fivh368p,1780317312287.782,position,1.0,996.2900390625
corridor,cdo3g5c8,36,1,matcher,fivh368p,1780317312627.6562,position,0.0,1336.164306640625
corridor,cdo3g5c8,36,1,matcher,fivh368p,1780317313808.5266,position,1.0,2517.03466796875
corridor,cdo3g5c8,36,2,avoider,4pnhmhns,1780317314380.3745,position,1.0,3088.882568359375
corridor,cdo3g5c8,36,1,matcher,fivh368p,1780317314420.0574,position,0.0,3128.5654296875
corridor,cdo3g5c8,36,2,avoider,4pnhmhns,1780317314770.9604,final_choice,1.0,3479.468505859375
corridor,cdo3g5c8,36,1,matcher,fivh368p,1780317314815.1274,final_choice,0.0,3523.635498046875
corridor,cdo3g5c8,36,1,matcher,fivh368p,1780317316359.245,next_trial,,5067.753173828125
corridor,cdo3g5c8,37,1,matcher,fivh368p,1780317316496.6582,position,1.0,0.0
corridor,cdo3g5c8,37,2,avoider,4pnhmhns,1780317316552.1882,position,1.0,55.530029296875
corridor,cdo3g5c8,37,1,matcher,fivh368p,1780317317974.7432,position,0.0,1478.0849609375
corridor,cdo3g5c8,37,2,avoider,4pnhmhns,1780317318024.7244,position,0.0,1528.066162109375
corridor,cdo3g5c8,37,2,avoider,4pnhmhns,1780317318426.1768,position,1.0,1929.5185546875
corridor,cdo3g5c8,37,1,matcher,fivh368p,1780317318901.229,position,1.0,2404.57080078125
corridor,cdo3g5c8,37,2,avoider,4pnhmhns,1780317319327.7886,position,0.0,2831.13037109375
corridor,cdo3g5c8,37,1,matcher,fivh368p,1780317320000.655,final_choice,1.0,3503.996826171875
corridor,cdo3g5c8,37,2,avoider,4pnhmhns,1780317320016.0872,final_choice,0.0,3519.428955078125
corridor,cdo3g5c8,37,1,matcher,fivh368p,1780317321223.411,next_trial,,4726.752685546875
corridor,cdo3g5c8,38,1,matcher,fivh368p,1780317321407.2517,position,0.0,0.0
corridor,cdo3g5c8,38,2,avoider,4pnhmhns,1780317321460.6768,position,0.0,53.425048828125
corridor,cdo3g5c8,38,1,matcher,fivh368p,1780317324903.2485,final_choice,0.0,3495.996826171875
corridor,cdo3g5c8,38,2,avoider,4pnhmhns,1780317324947.519,final_choice,0.0,3540.267333984375
corridor,cdo3g5c8,38,1,matcher,fivh368p,1780317326498.0278,next_trial,,5090.776123046875
corridor,cdo3g5c8,39,1,matcher,fivh368p,1780317326627.1611,position,1.0,0.0
corridor,cdo3g5c8,39,2,avoider,4pnhmhns,1780317326687.0398,position,1.0,59.878662109375
corridor,cdo3g5c8,39,2,avoider,4pnhmhns,1780317327098.6577,position,0.0,471.49658203125
corridor,cdo3g5c8,39,1,matcher,fivh368p,1780317327634.043,position,0.0,1006.8818359375
corridor,cdo3g5c8,39,2,avoider,4pnhmhns,1780317328091.7905,position,1.0,1464.62939453125
corridor,cdo3g5c8,39,1,matcher,fivh368p,1780317330131.6023,final_choice,0.0,3504.441162109375
corridor,cdo3g5c8,39,2,avoider,4pnhmhns,1780317330189.604,final_choice,1.0,3562.44287109375
corridor,cdo3g5c8,39,1,matcher,fivh368p,1780317331648.9656,next_trial,,5021.804443359375
corridor,cdo3g5c8,40,1,matcher,fivh368p,1780317331760.5444,position,1.0,0.0
corridor,cdo3g5c8,40,2,avoider,4pnhmhns,1780317331790.4275,position,0.0,29.883056640625
corridor,cdo3g5c8,40,1,matcher,fivh368p,1780317332264.3997,position,0.0,503.855224609375
corridor,cdo3g5c8,40,2,avoider,4pnhmhns,1780317332843.9492,position,1.0,1083.40478515625
corridor,cdo3g5c8,40,1,matcher,fivh368p,1780317333339.4512,position,1.0,1578.90673828125
corridor,cdo3g5c8,40,2,avoider,4pnhmhns,1780317333933.8535,position,0.0,2173.30908203125
corridor,cdo3g5c8,40,2,avoider,4pnhmhns,1780317335279.1025,final_choice,0.0,3518.55810546875
corridor,cdo3g5c8,40,1,matcher,fivh368p,1780317335312.784,final_choice,1.0,3552.239501953125
corridor,cdo3g5c8,40,1,matcher,fivh368p,1780317337018.1582,next_trial,,5257.61376953125
corridor,cdo3g5c8,41,1,matcher,fivh368p,1780317337125.2295,position,0.0,0.0
corridor,cdo3g5c8,41,2,avoider,4pnhmhns,1780317337163.8547,position,1.0,38.625244140625
corridor,cdo3g5c8,41,1,matcher,fivh368p,1780317338697.8193,position,1.0,1572.58984375
corridor,cdo3g5c8,41,2,avoider,4pnhmhns,1780317339114.6301,position,0.0,1989.400634765625
corridor,cdo3g5c8,41,1,matcher,fivh368p,1780317339561.1785,position,0.0,2435.948974609375
corridor,cdo3g5c8,41,2,avoider,4pnhmhns,1780317340632.2854,final_choice,0.0,3507.055908203125
corridor,cdo3g5c8,41,1,matcher,fivh368p,1780317340644.7476,final_choice,0.0,3519.51806640625
corridor,cdo3g5c8,41,1,matcher,fivh368p,1780317341824.266,next_trial,,4699.03662109375
corridor,cdo3g5c8,42,2,avoider,4pnhmhns,1780317341948.8577,position,1.0,0.0
corridor,cdo3g5c8,42,1,matcher,fivh368p,1780317341979.249,position,1.0,30.391357421875
corridor,cdo3g5c8,42,2,avoider,4pnhmhns,1780317342746.055,position,0.0,797.197265625
corridor,cdo3g5c8,42,1,matcher,fivh368p,1780317343157.5713,position,0.0,1208.713623046875
corridor,cdo3g5c8,42,2,avoider,4pnhmhns,1780317343631.1226,position,1.0,1682.264892578125
corridor,cdo3g5c8,42,1,matcher,fivh368p,1780317344160.5947,position,1.0,2211.737060546875
corridor,cdo3g5c8,42,2,avoider,4pnhmhns,1780317345458.4653,final_choice,1.0,3509.607666015625
corridor,cdo3g5c8,42,1,matcher,fivh368p,1780317345485.3013,final_choice,1.0,3536.443603515625
corridor,cdo3g5c8,42,1,matcher,fivh368p,1780317346864.8137,next_trial,,4915.9560546875
corridor,cdo3g5c8,43,1,matcher,fivh368p,1780317347000.0881,position,1.0,0.0
corridor,cdo3g5c8,43,2,avoider,4pnhmhns,1780317347013.0125,position,1.0,12.92431640625
corridor,cdo3g5c8,43,2,avoider,4pnhmhns,1780317347477.8518,position,0.0,477.763671875
corridor,cdo3g5c8,43,1,matcher,fivh368p,1780317347585.085,position,0.0,584.996826171875
corridor,cdo3g5c8,43,2,avoider,4pnhmhns,1780317348024.2834,position,1.0,1024.1953125
corridor,cdo3g5c8,43,2,avoider,4pnhmhns,1780317350515.276,final_choice,1.0,3515.187744140625
corridor,cdo3g5c8,43,1,matcher,fivh368p,1780317350547.1787,final_choice,0.0,3547.090576171875
corridor,cdo3g5c8,43,1,matcher,fivh368p,1780317352077.877,next_trial,,5077.788818359375
corridor,cdo3g5c8,44,2,avoider,4pnhmhns,1780317352201.8428,position,0.0,0.0
corridor,cdo3g5c8,44,1,matcher,fivh368p,1780317352236.578,position,1.0,34.735107421875
corridor,cdo3g5c8,44,1,matcher,fivh368p,1780317352757.0178,position,0.0,555.175048828125
corridor,cdo3g5c8,44,2,avoider,4pnhmhns,1780317352901.119,position,1.0,699.276123046875
corridor,cdo3g5c8,44,2,avoider,4pnhmhns,1780317355695.3188,final_choice,1.0,3493.47607421875
corridor,cdo3g5c8,44,1,matcher,fivh368p,1780317355724.547,final_choice,0.0,3522.704345703125
corridor,cdo3g5c8,44,1,matcher,fivh368p,1780317357343.0576,next_trial,,5141.21484375
corridor,cdo3g5c8,45,1,matcher,fivh368p,1780317357475.907,position,1.0,0.0
corridor,cdo3g5c8,45,2,avoider,4pnhmhns,1780317357513.6145,position,0.0,37.70751953125
corridor,cdo3g5c8,45,1,matcher,fivh368p,1780317357947.4443,position,0.0,471.537353515625
corridor,cdo3g5c8,45,1,matcher,fivh368p,1780317358253.2332,position,1.0,777.326171875
corridor,cdo3g5c8,45,2,avoider,4pnhmhns,1780317358421.4768,position,1.0,945.56982421875
corridor,cdo3g5c8,45,1,matcher,fivh368p,1780317358673.7861,position,0.0,1197.879150390625
corridor,cdo3g5c8,45,2,avoider,4pnhmhns,1780317358817.3245,position,0.0,1341.41748046875
corridor,cdo3g5c8,45,1,matcher,fivh368p,1780317358953.188,position,1.0,1477.281005859375
corridor,cdo3g5c8,45,2,avoider,4pnhmhns,1780317359127.2385,position,1.0,1651.33154296875
corridor,cdo3g5c8,45,1,matcher,fivh368p,1780317359415.0688,position,0.0,1939.161865234375
corridor,cdo3g5c8,45,2,avoider,4pnhmhns,1780317359656.8042,position,0.0,2180.897216796875
corridor,cdo3g5c8,45,1,matcher,fivh368p,1780317359706.5059,position,1.0,2230.598876953125
corridor,cdo3g5c8,45,1,matcher,fivh368p,1780317360124.7937,position,0.0,2648.88671875
corridor,cdo3g5c8,45,2,avoider,4pnhmhns,1780317360566.29,position,1.0,3090.383056640625
corridor,cdo3g5c8,45,1,matcher,fivh368p,1780317360978.762,final_choice,0.0,3502.85498046875
corridor,cdo3g5c8,45,2,avoider,4pnhmhns,1780317361017.248,final_choice,1.0,3541.341064453125
corridor,cdo3g5c8,45,1,matcher,fivh368p,1780317362480.5981,next_trial,,5004.691162109375
corridor,cdo3g5c8,46,1,matcher,fivh368p,1780317362657.5745,position,1.0,0.0
corridor,cdo3g5c8,46,2,avoider,4pnhmhns,1780317362724.474,position,1.0,66.899658203125
corridor,cdo3g5c8,46,2,avoider,4pnhmhns,1780317363206.5635,position,0.0,548.989013671875
corridor,cdo3g5c8,46,1,matcher,fivh368p,1780317363267.61,position,0.0,610.03564453125
corridor,cdo3g5c8,46,1,matcher,fivh368p,1780317363554.9685,position,1.0,897.39404296875
corridor,cdo3g5c8,46,2,avoider,4pnhmhns,1780317363753.6255,position,1.0,1096.051025390625
corridor,cdo3g5c8,46,1,matcher,fivh368p,1780317363883.096,position,0.0,1225.521484375
corridor,cdo3g5c8,46,2,avoider,4pnhmhns,1780317364093.6875,position,0.0,1436.113037109375
corridor,cdo3g5c8,46,1,matcher,fivh368p,1780317364249.3809,position,1.0,1591.806396484375
corridor,cdo3g5c8,46,1,matcher,fivh368p,1780317366149.8877,final_choice,1.0,3492.313232421875
corridor,cdo3g5c8,46,2,avoider,4pnhmhns,1780317366237.2356,final_choice,0.0,3579.6611328125
corridor,cdo3g5c8,46,1,matcher,fivh368p,1780317367518.1917,next_trial,,4860.6171875
corridor,cdo3g5c8,47,1,matcher,fivh368p,1780317367651.7996,position,0.0,0.0
corridor,cdo3g5c8,47,2,avoider,4pnhmhns,1780317367741.4443,position,1.0,89.644775390625
corridor,cdo3g5c8,47,1,matcher,fivh368p,1780317368177.092,position,1.0,525.29248046875
corridor,cdo3g5c8,47,1,matcher,fivh368p,1780317368980.4253,position,0.0,1328.625732421875
corridor,cdo3g5c8,47,1,matcher,fivh368p,1780317371170.693,final_choice,0.0,3518.8935546875
corridor,cdo3g5c8,47,2,avoider,4pnhmhns,1780317371256.597,final_choice,1.0,3604.79736328125
corridor,cdo3g5c8,47,1,matcher,fivh368p,1780317372532.1448,next_trial,,4880.34521484375
corridor,cdo3g5c8,48,1,matcher,fivh368p,1780317372656.051,position,1.0,0.0
corridor,cdo3g5c8,48,1,matcher,fivh368p,1780317373302.1436,position,0.0,646.092529296875
corridor,cdo3g5c8,48,2,avoider,4pnhmhns,1780317373743.4126,position,1.0,1087.361572265625
corridor,cdo3g5c8,48,1,matcher,fivh368p,1780317373967.497,position,1.0,1311.446044921875
corridor,cdo3g5c8,48,2,avoider,4pnhmhns,1780317374709.7974,position,0.0,2053.746337890625
corridor,cdo3g5c8,48,1,matcher,fivh368p,1780317376171.8801,final_choice,1.0,3515.8291015625
corridor,cdo3g5c8,48,2,avoider,4pnhmhns,1780317377234.9368,final_choice,0.0,4578.8857421875
corridor,cdo3g5c8,48,1,matcher,fivh368p,1780317378919.5737,next_trial,,6263.522705078125
corridor,cdo3g5c8,49,1,matcher,fivh368p,1780317379050.4312,position,1.0,0.0
corridor,cdo3g5c8,49,2,avoider,4pnhmhns,1780317379079.4653,position,0.0,29.0341796875
corridor,cdo3g5c8,49,1,matcher,fivh368p,1780317379613.512,position,0.0,563.080810546875
corridor,cdo3g5c8,49,2,avoider,4pnhmhns,1780317380482.4368,position,1.0,1432.005615234375
corridor,cdo3g5c8,49,1,matcher,fivh368p,1780317381010.4514,position,1.0,1960.020263671875
corridor,cdo3g5c8,49,2,avoider,4pnhmhns,1780317381529.9587,position,0.0,2479.527587890625
corridor,cdo3g5c8,49,1,matcher,fivh368p,1780317381962.0823,position,0.0,2911.651123046875
corridor,cdo3g5c8,49,1,matcher,fivh368p,1780317382548.8535,final_choice,0.0,3498.42236328125
corridor,cdo3g5c8,49,2,avoider,4pnhmhns,1780317382577.2908,position,1.0,3526.859619140625
corridor,cdo3g5c8,49,2,avoider,4pnhmhns,1780317382591.3953,final_choice,1.0,3540.964111328125
corridor,cdo3g5c8,49,1,matcher,fivh368p,1780317384062.47,next_trial,,5012.038818359375
corridor,cdo3g5c8,50,1,matcher,fivh368p,1780317384177.61,position,0.0,0.0
corridor,cdo3g5c8,50,2,avoider,4pnhmhns,1780317384197.5505,position,0.0,19.9404296875
corridor,cdo3g5c8,50,2,avoider,4pnhmhns,1780317385724.3745,position,1.0,1546.764404296875
corridor,cdo3g5c8,50,1,matcher,fivh368p,1780317385966.182,position,1.0,1788.57177734375
corridor,cdo3g5c8,50,2,avoider,4pnhmhns,1780317386454.3687,position,0.0,2276.758544921875
corridor,cdo3g5c8,50,1,matcher,fivh368p,1780317386993.605,position,0.0,2815.994873046875
corridor,cdo3g5c8,50,1,matcher,fivh368p,1780317387678.2449,final_choice,0.0,3500.634765625
corridor,cdo3g5c8,50,2,avoider,4pnhmhns,1780317387695.7722,final_choice,0.0,3518.162109375
corridor,cdo3g5c8,50,1,matcher,fivh368p,1780317389240.2751,next_trial,,5062.6650390625
corridor,cdo3g5c8,51,1,matcher,fivh368p,1780317389348.5825,position,0.0,0.0
corridor,cdo3g5c8,51,2,avoider,4pnhmhns,1780317389448.8047,position,0.0,100.22216796875
corridor,cdo3g5c8,51,2,avoider,4pnhmhns,1780317389977.2878,position,1.0,628.705322265625
corridor,cdo3g5c8,51,1,matcher,fivh368p,1780317390839.6917,position,1.0,1491.109130859375
corridor,cdo3g5c8,51,2,avoider,4pnhmhns,1780317390853.0332,position,0.0,1504.45068359375
corridor,cdo3g5c8,51,2,avoider,4pnhmhns,1780317391168.1467,position,1.0,1819.564208984375
corridor,cdo3g5c8,51,1,matcher,fivh368p,1780317391362.907,position,0.0,2014.324462890625
corridor,cdo3g5c8,51,2,avoider,4pnhmhns,1780317391534.5251,position,0.0,2185.942626953125
corridor,cdo3g5c8,51,2,avoider,4pnhmhns,1780317391895.8418,position,1.0,2547.25927734375
corridor,cdo3g5c8,51,1,matcher,fivh368p,1780317392318.668,position,1.0,2970.08544921875
corridor,cdo3g5c8,51,1,matcher,fivh368p,1780317392867.3782,final_choice,1.0,3518.795654296875
corridor,cdo3g5c8,51,2,avoider,4pnhmhns,1780317392956.9138,final_choice,1.0,3608.331298828125
corridor,cdo3g5c8,51,1,matcher,fivh368p,1780317394197.67,next_trial,,4849.08740234375
corridor,cdo3g5c8,52,1,matcher,fivh368p,1780317394309.501,position,0.0,0.0
corridor,cdo3g5c8,52,2,avoider,4pnhmhns,1780317394323.472,position,1.0,13.970947265625
corridor,cdo3g5c8,52,1,matcher,fivh368p,1780317394839.534,position,1.0,530.032958984375
corridor,cdo3g5c8,52,2,avoider,4pnhmhns,1780317396810.895,position,0.0,2501.39404296875
corridor,cdo3g5c8,52,1,matcher,fivh368p,1780317396937.6553,position,0.0,2628.154296875
corridor,cdo3g5c8,52,2,avoider,4pnhmhns,1780317397308.4353,position,1.0,2998.934326171875
corridor,cdo3g5c8,52,2,avoider,4pnhmhns,1780317397810.27,final_choice,1.0,3500.76904296875
corridor,cdo3g5c8,52,1,matcher,fivh368p,1780317397824.1128,final_choice,0.0,3514.61181640625
corridor,cdo3g5c8,52,1,matcher,fivh368p,1780317399300.772,next_trial,,4991.27099609375
corridor,cdo3g5c8,53,1,matcher,fivh368p,1780317399402.445,position,1.0,0.0
corridor,cdo3g5c8,53,2,avoider,4pnhmhns,1780317399417.3247,position,1.0,14.879638671875
corridor,cdo3g5c8,53,1,matcher,fivh368p,1780317400447.071,position,0.0,1044.6259765625
corridor,cdo3g5c8,53,1,matcher,fivh368p,1780317401079.013,position,1.0,1676.56787109375
corridor,cdo3g5c8,53,1,matcher,fivh368p,1780317402907.9707,final_choice,1.0,3505.525634765625
corridor,cdo3g5c8,53,2,avoider,4pnhmhns,1780317402924.635,final_choice,1.0,3522.18994140625
corridor,cdo3g5c8,53,1,matcher,fivh368p,1780317404309.4841,next_trial,,4907.0390625
corridor,cdo3g5c8,54,1,matcher,fivh368p,1780317404413.3342,position,1.0,0.0
corridor,cdo3g5c8,54,2,avoider,4pnhmhns,1780317404441.0955,position,1.0,27.76123046875
corridor,cdo3g5c8,54,2,avoider,4pnhmhns,1780317405640.3457,position,0.0,1227.011474609375
corridor,cdo3g5c8,54,2,avoider,4pnhmhns,1780317406070.94,position,1.0,1657.605712890625
corridor,cdo3g5c8,54,1,matcher,fivh368p,1780317406922.03,position,0.0,2508.69580078125
corridor,cdo3g5c8,54,2,avoider,4pnhmhns,1780317407047.5134,position,0.0,2634.17919921875
corridor,cdo3g5c8,54,2,avoider,4pnhmhns,1780317407923.6824,final_choice,0.0,3510.34814453125
corridor,cdo3g5c8,54,1,matcher,fivh368p,1780317407944.4717,final_choice,0.0,3531.137451171875
corridor,cdo3g5c8,54,1,matcher,fivh368p,1780317409530.1575,next_trial,,5116.8232421875
corridor,cdo3g5c8,55,1,matcher,fivh368p,1780317409632.2947,position,0.0,0.0
corridor,cdo3g5c8,55,2,avoider,4pnhmhns,1780317409645.4604,position,0.0,13.165771484375
corridor,cdo3g5c8,55,2,avoider,4pnhmhns,1780317410922.781,position,1.0,1290.486328125
corridor,cdo3g5c8,55,2,avoider,4pnhmhns,1780317413144.4172,final_choice,1.0,3512.12255859375
corridor,cdo3g5c8,55,1,matcher,fivh368p,1780317413164.3542,final_choice,0.0,3532.0595703125
corridor,cdo3g5c8,55,1,matcher,fivh368p,1780317414357.7556,next_trial,,4725.4609375
corridor,cdo3g5c8,56,1,matcher,fivh368p,1780317414460.1924,position,1.0,0.0
corridor,cdo3g5c8,56,2,avoider,4pnhmhns,1780317414537.2705,position,1.0,77.078125
corridor,cdo3g5c8,56,2,avoider,4pnhmhns,1780317415282.465,position,0.0,822.272705078125
corridor,cdo3g5c8,56,1,matcher,fivh368p,1780317417240.724,position,0.0,2780.53173828125
corridor,cdo3g5c8,56,2,avoider,4pnhmhns,1780317417450.3848,position,1.0,2990.1923828125
corridor,cdo3g5c8,56,1,matcher,fivh368p,1780317417861.6028,position,1.0,3401.410400390625
corridor,cdo3g5c8,56,1,matcher,fivh368p,1780317417969.478,final_choice,1.0,3509.28564453125
corridor,cdo3g5c8,56,2,avoider,4pnhmhns,1780317418039.8223,final_choice,1.0,3579.6298828125
corridor,cdo3g5c8,56,1,matcher,fivh368p,1780317419349.44,next_trial,,4889.24755859375
corridor,cdo3g5c8,57,1,matcher,fivh368p,1780317419454.8352,position,1.0,0.0
corridor,cdo3g5c8,57,2,avoider,4pnhmhns,1780317419554.9578,position,0.0,100.12255859375
corridor,cdo3g5c8,57,1,matcher,fivh368p,1780317422430.1655,position,0.0,2975.330322265625
corridor,cdo3g5c8,57,2,avoider,4pnhmhns,1780317422504.1506,position,1.0,3049.3154296875
corridor,cdo3g5c8,57,1,matcher,fivh368p,1780317422968.1365,final_choice,0.0,3513.30126953125
corridor,cdo3g5c8,57,2,avoider,4pnhmhns,1780317423058.443,final_choice,1.0,3603.60791015625
corridor,cdo3g5c8,57,1,matcher,fivh368p,1780317424652.7354,next_trial,,5197.900146484375
corridor,cdo3g5c8,58,1,matcher,fivh368p,1780317424757.9849,position,0.0,0.0
corridor,cdo3g5c8,58,2,avoider,4pnhmhns,1780317424777.1782,position,0.0,19.193359375
corridor,cdo3g5c8,58,2,avoider,4pnhmhns,1780317425973.623,position,1.0,1215.63818359375
corridor,cdo3g5c8,58,1,matcher,fivh368p,1780317428276.2395,final_choice,0.0,3518.254638671875
corridor,cdo3g5c8,58,2,avoider,4pnhmhns,1780317428290.62,final_choice,1.0,3532.63525390625
corridor,cdo3g5c8,58,1,matcher,fivh368p,1780317429575.551,next_trial,,4817.566162109375
corridor,cdo3g5c8,59,1,matcher,fivh368p,1780317429678.3691,position,1.0,0.0
corridor,cdo3g5c8,59,2,avoider,4pnhmhns,1780317429692.0874,position,0.0,13.71826171875
corridor,cdo3g5c8,59,2,avoider,4pnhmhns,1780317430451.9407,position,1.0,773.571533203125
corridor,cdo3g5c8,59,2,avoider,4pnhmhns,1780317430739.746,position,0.0,1061.376953125
corridor,cdo3g5c8,59,1,matcher,fivh368p,1780317430847.3232,position,0.0,1168.9541015625
corridor,cdo3g5c8,59,2,avoider,4pnhmhns,1780317431367.5913,position,1.0,1689.22216796875
corridor,cdo3g5c8,59,1,matcher,fivh368p,1780317431613.0618,position,1.0,1934.692626953125
corridor,cdo3g5c8,59,2,avoider,4pnhmhns,1780317432107.2432,position,0.0,2428.8740234375
corridor,cdo3g5c8,59,1,matcher,fivh368p,1780317433201.9749,final_choice,1.0,3523.605712890625
corridor,cdo3g5c8,59,2,avoider,4pnhmhns,1780317433277.3477,final_choice,0.0,3598.978515625
corridor,cdo3g5c8,59,1,matcher,fivh368p,1780317434529.7297,next_trial,,4851.360595703125
corridor,cdo3g5c8,60,1,matcher,fivh368p,1780317434634.8958,position,0.0,0.0
corridor,cdo3g5c8,60,2,avoider,4pnhmhns,1780317434708.5242,position,0.0,73.62841796875
corridor,cdo3g5c8,60,2,avoider,4pnhmhns,1780317436467.3013,position,1.0,1832.405517578125
corridor,cdo3g5c8,60,1,matcher,fivh368p,1780317438154.5159,final_choice,0.0,3519.6201171875
corridor,cdo3g5c8,60,2,avoider,4pnhmhns,1780317438214.6006,final_choice,1.0,3579.704833984375
corridor,cdo3g5c8,60,1,matcher,fivh368p,1780317439660.4739,next_trial,,5025.578125
corridor,cdo3g5c8,61,1,matcher,fivh368p,1780317439761.1382,position,1.0,0.0
corridor,cdo3g5c8,61,2,avoider,4pnhmhns,1780317439830.8203,position,1.0,69.68212890625
corridor,cdo3g5c8,61,2,avoider,4pnhmhns,1780317440838.2268,position,0.0,1077.088623046875
corridor,cdo3g5c8,61,1,matcher,fivh368p,1780317443282.8125,final_choice,1.0,3521.67431640625
corridor,cdo3g5c8,61,2,avoider,4pnhmhns,1780317443334.629,final_choice,0.0,3573.49072265625
corridor,cdo3g5c8,61,1,matcher,fivh368p,1780317444828.531,next_trial,,5067.392822265625
corridor,cdo3g5c8,62,1,matcher,fivh368p,1780317444934.8708,position,1.0,0.0
corridor,cdo3g5c8,62,2,avoider,4pnhmhns,1780317444956.424,position,0.0,21.55322265625
corridor,cdo3g5c8,62,1,matcher,fivh368p,1780317445802.5237,position,0.0,867.65283203125
corridor,cdo3g5c8,62,2,avoider,4pnhmhns,1780317446167.8699,position,1.0,1232.9990234375
corridor,cdo3g5c8,62,1,matcher,fivh368p,1780317446771.267,position,1.0,1836.396240234375
corridor,cdo3g5c8,62,2,avoider,4pnhmhns,1780317447090.0283,position,0.0,2155.157470703125
corridor,cdo3g5c8,62,1,matcher,fivh368p,1780317447365.8557,position,0.0,2430.98486328125
corridor,cdo3g5c8,62,1,matcher,fivh368p,1780317447786.4675,position,1.0,2851.5966796875
corridor,cdo3g5c8,62,2,avoider,4pnhmhns,1780317447801.6736,position,1.0,2866.802734375
corridor,cdo3g5c8,62,1,matcher,fivh368p,1780317448448.6401,final_choice,1.0,3513.769287109375
corridor,cdo3g5c8,62,2,avoider,4pnhmhns,1780317448462.611,final_choice,1.0,3527.740234375
corridor,cdo3g5c8,62,1,matcher,fivh368p,1780317449951.9143,next_trial,,5017.04345703125
corridor,cdo3g5c8,63,1,matcher,fivh368p,1780317450053.7217,position,0.0,0.0
corridor,cdo3g5c8,63,2,avoider,4pnhmhns,1780317450067.815,position,1.0,14.09326171875
corridor,cdo3g5c8,63,1,matcher,fivh368p,1780317450604.366,position,1.0,550.644287109375
corridor,cdo3g5c8,63,1,matcher,fivh368p,1780317450938.4492,position,0.0,884.7275390625
corridor,cdo3g5c8,63,2,avoider,4pnhmhns,1780317451187.6926,position,0.0,1133.970947265625
corridor,cdo3g5c8,63,2,avoider,4pnhmhns,1780317451507.4436,position,1.0,1453.721923828125
corridor,cdo3g5c8,63,1,matcher,fivh368p,1780317453577.7668,final_choice,0.0,3524.045166015625
corridor,cdo3g5c8,63,2,avoider,4pnhmhns,1780317453592.0771,final_choice,1.0,3538.35546875
corridor,cdo3g5c8,63,1,matcher,fivh368p,1780317454944.256,next_trial,,4890.534423828125
corridor,cdo3g5c8,64,1,matcher,fivh368p,1780317455049.3955,position,1.0,0.0
corridor,cdo3g5c8,64,2,avoider,4pnhmhns,1780317455085.7646,position,0.0,36.369140625
corridor,cdo3g5c8,64,1,matcher,fivh368p,1780317455577.7214,position,0.0,528.325927734375
corridor,cdo3g5c8,64,1,matcher,fivh368p,1780317455939.8093,position,1.0,890.413818359375
corridor,cdo3g5c8,64,2,avoider,4pnhmhns,1780317456046.3071,position,1.0,996.91162109375
corridor,cdo3g5c8,64,2,avoider,4pnhmhns,1780317456350.7166,position,0.0,1301.321044921875
corridor,cdo3g5c8,64,1,matcher,fivh368p,1780317457188.1797,position,0.0,2138.7841796875
corridor,cdo3g5c8,64,2,avoider,4pnhmhns,1780317457578.9583,position,1.0,2529.562744140625
corridor,cdo3g5c8,64,1,matcher,fivh368p,1780317457823.1523,position,1.0,2773.7568359375
corridor,cdo3g5c8,64,2,avoider,4pnhmhns,1780317458139.4194,position,0.0,3090.02392578125
corridor,cdo3g5c8,64,1,matcher,fivh368p,1780317458271.1826,position,0.0,3221.787109375
corridor,cdo3g5c8,64,1,matcher,fivh368p,1780317458562.775,final_choice,0.0,3513.37939453125
corridor,cdo3g5c8,64,2,avoider,4pnhmhns,1780317458604.6936,final_choice,0.0,3555.298095703125
corridor,cdo3g5c8,64,1,matcher,fivh368p,1780317459850.2922,next_trial,,4800.896728515625
corridor,cdo3g5c8,65,1,matcher,fivh368p,1780317459957.9153,position,1.0,0.0
corridor,cdo3g5c8,65,2,avoider,4pnhmhns,1780317460197.2722,position,1.0,239.35693359375
corridor,cdo3g5c8,65,1,matcher,fivh368p,1780317461117.6074,position,0.0,1159.692138671875
corridor,cdo3g5c8,65,2,avoider,4pnhmhns,1780317461391.6704,position,0.0,1433.755126953125
corridor,cdo3g5c8,65,2,avoider,4pnhmhns,1780317461865.3616,position,1.0,1907.4462890625
corridor,cdo3g5c8,65,1,matcher,fivh368p,1780317462559.8044,position,1.0,2601.88916015625
corridor,cdo3g5c8,65,1,matcher,fivh368p,1780317462877.8284,position,0.0,2919.9130859375
corridor,cdo3g5c8,65,2,avoider,4pnhmhns,1780317463104.9143,position,0.0,3146.9990234375
corridor,cdo3g5c8,65,1,matcher,fivh368p,1780317463461.942,final_choice,0.0,3504.026611328125
corridor,cdo3g5c8,65,2,avoider,4pnhmhns,1780317463476.8372,final_choice,0.0,3518.921875
corridor,cdo3g5c8,65,1,matcher,fivh368p,1780317465048.796,next_trial,,5090.880615234375
corridor,cdo3g5c8,66,1,matcher,fivh368p,1780317465167.5315,position,1.0,0.0
corridor,cdo3g5c8,66,2,avoider,4pnhmhns,1780317465184.0417,position,0.0,16.51025390625
corridor,cdo3g5c8,66,1,matcher,fivh368p,1780317466288.0493,position,0.0,1120.517822265625
corridor,cdo3g5c8,66,2,avoider,4pnhmhns,1780317467521.058,position,1.0,2353.526611328125
corridor,cdo3g5c8,66,1,matcher,fivh368p,1780317468019.9707,position,1.0,2852.439208984375
corridor,cdo3g5c8,66,2,avoider,4pnhmhns,1780317468207.075,position,0.0,3039.54345703125
corridor,cdo3g5c8,66,1,matcher,fivh368p,1780317468431.54,position,0.0,3264.008544921875
corridor,cdo3g5c8,66,2,avoider,4pnhmhns,1780317468672.3801,final_choice,0.0,3504.8486328125
corridor,cdo3g5c8,66,1,matcher,fivh368p,1780317468686.4714,final_choice,0.0,3518.93994140625
corridor,cdo3g5c8,66,1,matcher,fivh368p,1780317470102.451,next_trial,,4934.91943359375
corridor,cdo3g5c8,67,1,matcher,fivh368p,1780317470206.7488,position,0.0,0.0
corridor,cdo3g5c8,67,2,avoider,4pnhmhns,1780317470241.9883,position,0.0,35.239501953125
corridor,cdo3g5c8,67,1,matcher,fivh368p,1780317471038.0164,position,1.0,831.267578125
corridor,cdo3g5c8,67,1,matcher,fivh368p,1780317473724.4797,final_choice,1.0,3517.73095703125
corridor,cdo3g5c8,67,2,avoider,4pnhmhns,1780317473749.7737,final_choice,0.0,3543.02490234375
corridor,cdo3g5c8,67,1,matcher,fivh368p,1780317475203.6262,next_trial,,4996.87744140625
corridor,cdo3g5c8,68,1,matcher,fivh368p,1780317475306.2502,position,0.0,0.0
corridor,cdo3g5c8,68,2,avoider,4pnhmhns,1780317475321.7412,position,0.0,15.490966796875
corridor,cdo3g5c8,68,1,matcher,fivh368p,1780317477195.8074,position,1.0,1889.55712890625
corridor,cdo3g5c8,68,2,avoider,4pnhmhns,1780317478818.473,final_choice,0.0,3512.22265625
corridor,cdo3g5c8,68,1,matcher,fivh368p,1780317478832.2837,final_choice,1.0,3526.033447265625
corridor,cdo3g5c8,68,1,matcher,fivh368p,1780317480057.3838,next_trial,,4751.133544921875
corridor,cdo3g5c8,69,1,matcher,fivh368p,1780317480159.652,position,0.0,0.0
corridor,cdo3g5c8,69,2,avoider,4pnhmhns,1780317480179.6616,position,0.0,20.009521484375
corridor,cdo3g5c8,69,1,matcher,fivh368p,1780317480884.619,position,1.0,724.966796875
corridor,cdo3g5c8,69,1,matcher,fivh368p,1780317481425.7598,position,0.0,1266.107666015625
corridor,cdo3g5c8,69,1,matcher,fivh368p,1780317482383.9236,position,1.0,2224.271484375
corridor,cdo3g5c8,69,1,matcher,fivh368p,1780317483029.7876,position,0.0,2870.135498046875
corridor,cdo3g5c8,69,1,matcher,fivh368p,1780317483673.5703,final_choice,0.0,3513.918212890625
corridor,cdo3g5c8,69,2,avoider,4pnhmhns,1780317483689.6343,final_choice,0.0,3529.982177734375
corridor,cdo3g5c8,69,1,matcher,fivh368p,1780317485012.6199,next_trial,,4852.9677734375
corridor,cdo3g5c8,70,1,matcher,fivh368p,1780317485114.395,position,0.0,0.0
corridor,cdo3g5c8,70,2,avoider,4pnhmhns,1780317485188.4292,position,0.0,74.0341796875
corridor,cdo3g5c8,70,1,matcher,fivh368p,1780317485738.8606,position,1.0,624.465576171875
corridor,cdo3g5c8,70,1,matcher,fivh368p,1780317486736.9778,position,0.0,1622.582763671875
corridor,cdo3g5c8,70,2,avoider,4pnhmhns,1780317487862.5076,position,1.0,2748.112548828125
corridor,cdo3g5c8,70,1,matcher,fivh368p,1780317488011.5093,position,1.0,2897.1142578125
corridor,cdo3g5c8,70,2,avoider,4pnhmhns,1780317488437.507,position,0.0,3323.112060546875
corridor,cdo3g5c8,70,1,matcher,fivh368p,1780317488626.7815,final_choice,1.0,3512.386474609375
corridor,cdo3g5c8,70,2,avoider,4pnhmhns,1780317488689.266,final_choice,0.0,3574.87109375
corridor,cdo3g5c8,70,1,matcher,fivh368p,1780317490298.5115,next_trial,,5184.116455078125
corridor,cdo3g5c8,71,1,matcher,fivh368p,1780317490402.4832,position,0.0,0.0
corridor,cdo3g5c8,71,2,avoider,4pnhmhns,1780317490417.0059,position,1.0,14.522705078125
corridor,cdo3g5c8,71,2,avoider,4pnhmhns,1780317493909.935,final_choice,1.0,3507.451904296875
corridor,cdo3g5c8,71,1,matcher,fivh368p,1780317493924.5837,final_choice,0.0,3522.1005859375
corridor,cdo3g5c8,71,1,matcher,fivh368p,1780317495207.1494,next_trial,,4804.666259765625
corridor,cdo3g5c8,72,1,matcher,fivh368p,1780317495310.9033,position,0.0,0.0
corridor,cdo3g5c8,72,2,avoider,4pnhmhns,1780317495332.6301,position,0.0,21.726806640625
corridor,cdo3g5c8,72,2,avoider,4pnhmhns,1780317495704.8796,position,1.0,393.976318359375
corridor,cdo3g5c8,72,1,matcher,fivh368p,1780317495813.1262,position,1.0,502.222900390625
corridor,cdo3g5c8,72,2,avoider,4pnhmhns,1780317496539.5115,position,0.0,1228.608154296875
corridor,cdo3g5c8,72,2,avoider,4pnhmhns,1780317498815.0676,final_choice,0.0,3504.164306640625
corridor,cdo3g5c8,72,1,matcher,fivh368p,1780317498828.8828,final_choice,1.0,3517.9794921875
corridor,cdo3g5c8,72,1,matcher,fivh368p,1780317500306.8418,next_trial,,4995.9384765625
corridor,cdo3g5c8,73,1,matcher,fivh368p,1780317500408.905,position,1.0,0.0
corridor,cdo3g5c8,73,2,avoider,4pnhmhns,1780317500424.4268,position,0.0,15.521728515625
corridor,cdo3g5c8,73,1,matcher,fivh368p,1780317501169.9988,position,0.0,761.09375
corridor,cdo3g5c8,73,2,avoider,4pnhmhns,1780317501980.484,position,1.0,1571.578857421875
corridor,cdo3g5c8,73,1,matcher,fivh368p,1780317502936.0571,position,1.0,2527.152099609375
corridor,cdo3g5c8,73,2,avoider,4pnhmhns,1780317503921.8518,final_choice,1.0,3512.94677734375
corridor,cdo3g5c8,73,1,matcher,fivh368p,1780317503942.8884,final_choice,1.0,3533.9833984375
corridor,cdo3g5c8,73,1,matcher,fivh368p,1780317505075.7517,next_trial,,4666.8466796875
corridor,cdo3g5c8,74,1,matcher,fivh368p,1780317505180.4712,position,1.0,0.0
corridor,cdo3g5c8,74,2,avoider,4pnhmhns,1780317505201.6187,position,1.0,21.1474609375
corridor,cdo3g5c8,74,2,avoider,4pnhmhns,1780317506036.197,position,0.0,855.725830078125
corridor,cdo3g5c8,74,1,matcher,fivh368p,1780317506627.9883,position,0.0,1447.51708984375
corridor,cdo3g5c8,74,2,avoider,4pnhmhns,1780317507420.7834,position,1.0,2240.312255859375
corridor,cdo3g5c8,74,1,matcher,fivh368p,1780317507706.131,position,1.0,2525.659912109375
corridor,cdo3g5c8,74,2,avoider,4pnhmhns,1780317508168.1262,position,0.0,2987.655029296875
corridor,cdo3g5c8,74,1,matcher,fivh368p,1780317508258.779,position,0.0,3078.307861328125
corridor,cdo3g5c8,74,1,matcher,fivh368p,1780317508689.3972,final_choice,0.0,3508.926025390625
corridor,cdo3g5c8,74,2,avoider,4pnhmhns,1780317508704.9404,final_choice,0.0,3524.46923828125
corridor,cdo3g5c8,74,1,matcher,fivh368p,1780317510244.7434,next_trial,,5064.272216796875
corridor,cdo3g5c8,75,1,matcher,fivh368p,1780317510354.6934,position,0.0,0.0
corridor,cdo3g5c8,75,2,avoider,4pnhmhns,1780317510381.7458,position,1.0,27.052490234375
corridor,cdo3g5c8,75,1,matcher,fivh368p,1780317511062.6343,position,1.0,707.94091796875
corridor,cdo3g5c8,75,1,matcher,fivh368p,1780317513865.2388,final_choice,1.0,3510.54541015625
corridor,cdo3g5c8,75,2,avoider,4pnhmhns,1780317513892.0635,final_choice,1.0,3537.3701171875
corridor,cdo3g5c8,75,1,matcher,fivh368p,1780317515290.5762,next_trial,,4935.8828125
corridor,cdo3g5c8,76,1,matcher,fivh368p,1780317515399.7651,position,0.0,0.0
corridor,cdo3g5c8,76,2,avoider,4pnhmhns,1780317515416.0486,position,1.0,16.283447265625
corridor,cdo3g5c8,76,1,matcher,fivh368p,1780317516635.443,position,1.0,1235.677978515625
corridor,cdo3g5c8,76,2,avoider,4pnhmhns,1780317518000.8647,position,0.0,2601.099609375
corridor,cdo3g5c8,76,1,matcher,fivh368p,1780317518357.102,position,0.0,2957.3369140625
corridor,cdo3g5c8,76,2,avoider,4pnhmhns,1780317518898.152,final_choice,0.0,3498.386962890625
corridor,cdo3g5c8,76,1,matcher,fivh368p,1780317518913.3887,final_choice,0.0,3513.62353515625
corridor,cdo3g5c8,76,1,matcher,fivh368p,1780317520523.1301,next_trial,,5123.364990234375
corridor,cdo3g5c8,77,1,matcher,fivh368p,1780317520629.6584,position,0.0,0.0
corridor,cdo3g5c8,77,2,avoider,4pnhmhns,1780317520725.307,position,1.0,95.6484375
corridor,cdo3g5c8,77,1,matcher,fivh368p,1780317521124.4224,position,1.0,494.763916015625
corridor,cdo3g5c8,77,2,avoider,4pnhmhns,1780317523489.804,position,0.0,2860.1455078125
corridor,cdo3g5c8,77,1,matcher,fivh368p,1780317524148.261,final_choice,1.0,3518.6025390625
corridor,cdo3g5c8,77,2,avoider,4pnhmhns,1780317524235.4263,final_choice,0.0,3605.767822265625
corridor,cdo3g5c8,77,1,matcher,fivh368p,1780317525395.4434,next_trial,,4765.784912109375
corridor,cdo3g5c8,78,1,matcher,fivh368p,1780317525503.9456,position,0.0,0.0
corridor,cdo3g5c8,78,2,avoider,4pnhmhns,1780317525522.1924,position,1.0,18.246826171875
corridor,cdo3g5c8,78,1,matcher,fivh368p,1780317526652.3892,position,1.0,1148.443603515625
corridor,cdo3g5c8,78,2,avoider,4pnhmhns,1780317529006.9255,final_choice,1.0,3502.97998046875
corridor,cdo3g5c8,78,1,matcher,fivh368p,1780317529022.9246,final_choice,1.0,3518.97900390625
corridor,cdo3g5c8,78,1,matcher,fivh368p,1780317530624.4658,next_trial,,5120.520263671875
corridor,cdo3g5c8,79,1,matcher,fivh368p,1780317530729.1335,position,0.0,0.0
corridor,cdo3g5c8,79,2,avoider,4pnhmhns,1780317530744.1565,position,1.0,15.02294921875
corridor,cdo3g5c8,79,1,matcher,fivh368p,1780317531295.0005,position,1.0,565.866943359375
corridor,cdo3g5c8,79,2,avoider,4pnhmhns,1780317531798.444,position,0.0,1069.310546875
corridor,cdo3g5c8,79,1,matcher,fivh368p,1780317534234.8245,final_choice,1.0,3505.69091796875
corridor,cdo3g5c8,79,2,avoider,4pnhmhns,1780317534249.732,final_choice,0.0,3520.598388671875
corridor,cdo3g5c8,79,1,matcher,fivh368p,1780317535756.2795,next_trial,,5027.14599609375
corridor,cdo3g5c8,80,1,matcher,fivh368p,1780317535863.0068,position,0.0,0.0
corridor,cdo3g5c8,80,2,avoider,4pnhmhns,1780317536220.9065,position,1.0,357.899658203125
corridor,cdo3g5c8,80,1,matcher,fivh368p,1780317536406.9885,position,1.0,543.981689453125
corridor,cdo3g5c8,80,1,matcher,fivh368p,1780317539385.6282,final_choice,1.0,3522.621337890625
corridor,cdo3g5c8,80,2,avoider,4pnhmhns,1780317539714.343,final_choice,1.0,3851.336181640625
corridor,cdo3g5c8,80,1,matcher,fivh368p,1780317541301.3904,next_trial,,5438.383544921875
corridor,cdo3g5c8,81,1,matcher,fivh368p,1780317541403.9595,position,0.0,0.0
corridor,cdo3g5c8,81,2,avoider,4pnhmhns,1780317541445.2556,position,1.0,41.296142578125
corridor,cdo3g5c8,81,1,matcher,fivh368p,1780317541905.3137,position,1.0,501.354248046875
corridor,cdo3g5c8,81,2,avoider,4pnhmhns,1780317542504.2876,position,0.0,1100.328125
corridor,cdo3g5c8,81,1,matcher,fivh368p,1780317544385.7617,position,0.0,2981.80224609375
corridor,cdo3g5c8,81,2,avoider,4pnhmhns,1780317544640.4778,position,1.0,3236.518310546875
corridor,cdo3g5c8,81,1,matcher,fivh368p,1780317544914.8865,final_choice,0.0,3510.927001953125
corridor,cdo3g5c8,81,2,avoider,4pnhmhns,1780317544950.2896,final_choice,1.0,3546.330078125
corridor,cdo3g5c8,81,1,matcher,fivh368p,1780317546306.3152,next_trial,,4902.355712890625
corridor,cdo3g5c8,82,1,matcher,fivh368p,1780317546413.5588,position,0.0,0.0
corridor,cdo3g5c8,82,2,avoider,4pnhmhns,1780317546429.8228,position,1.0,16.263916015625
corridor,cdo3g5c8,82,1,matcher,fivh368p,1780317547311.7476,position,1.0,898.188720703125
corridor,cdo3g5c8,82,2,avoider,4pnhmhns,1780317549923.969,final_choice,1.0,3510.41015625
corridor,cdo3g5c8,82,1,matcher,fivh368p,1780317549940.0886,final_choice,1.0,3526.52978515625
corridor,cdo3g5c8,82,1,matcher,fivh368p,1780317551238.916,next_trial,,4825.357177734375
corridor,cdo3g5c8,83,1,matcher,fivh368p,1780317551341.7341,position,1.0,0.0
corridor,cdo3g5c8,83,2,avoider,4pnhmhns,1780317551367.1914,position,0.0,25.457275390625
corridor,cdo3g5c8,83,1,matcher,fivh368p,1780317552004.267,position,0.0,662.532958984375
corridor,cdo3g5c8,83,2,avoider,4pnhmhns,1780317552705.9482,position,1.0,1364.214111328125
corridor,cdo3g5c8,83,1,matcher,fivh368p,1780317554323.381,position,1.0,2981.64697265625
corridor,cdo3g5c8,83,2,avoider,4pnhmhns,1780317554456.9563,position,0.0,3115.22216796875
corridor,cdo3g5c8,83,2,avoider,4pnhmhns,1780317554853.2466,final_choice,0.0,3511.512451171875
corridor,cdo3g5c8,83,1,matcher,fivh368p,1780317554881.3103,final_choice,1.0,3539.576171875
corridor,cdo3g5c8,83,1,matcher,fivh368p,1780317556297.309,next_trial,,4955.574951171875
corridor,cdo3g5c8,84,2,avoider,4pnhmhns,1780317556407.3513,position,1.0,0.0
corridor,cdo3g5c8,84,1,matcher,fivh368p,1780317556423.0977,position,0.0,15.746337890625
corridor,cdo3g5c8,84,1,matcher,fivh368p,1780317557304.0742,position,1.0,896.722900390625
corridor,cdo3g5c8,84,2,avoider,4pnhmhns,1780317557732.5159,position,0.0,1325.16455078125
corridor,cdo3g5c8,84,2,avoider,4pnhmhns,1780317559906.6628,final_choice,0.0,3499.3115234375
corridor,cdo3g5c8,84,1,matcher,fivh368p,1780317559921.9512,final_choice,1.0,3514.599853515625
corridor,cdo3g5c8,84,1,matcher,fivh368p,1780317561520.575,next_trial,,5113.2236328125
corridor,cdo3g5c8,85,1,matcher,fivh368p,1780317561626.8608,position,1.0,0.0
corridor,cdo3g5c8,85,2,avoider,4pnhmhns,1780317561641.8323,position,0.0,14.971435546875
corridor,cdo3g5c8,85,1,matcher,fivh368p,1780317562308.32,position,0.0,681.459228515625
corridor,cdo3g5c8,85,2,avoider,4pnhmhns,1780317562845.014,position,1.0,1218.153076171875
corridor,cdo3g5c8,85,1,matcher,fivh368p,1780317564735.0054,position,1.0,3108.14453125
corridor,cdo3g5c8,85,2,avoider,4pnhmhns,1780317565134.6587,final_choice,1.0,3507.7978515625
corridor,cdo3g5c8,85,1,matcher,fivh368p,1780317565156.9468,final_choice,1.0,3530.0859375
corridor,cdo3g5c8,85,1,matcher,fivh368p,1780317566593.841,next_trial,,4966.980224609375
corridor,cdo3g5c8,86,1,matcher,fivh368p,1780317566697.6428,position,1.0,0.0
corridor,cdo3g5c8,86,2,avoider,4pnhmhns,1780317566889.3916,position,0.0,191.748779296875
corridor,cdo3g5c8,86,1,matcher,fivh368p,1780317567222.4229,position,0.0,524.780029296875
corridor,cdo3g5c8,86,2,avoider,4pnhmhns,1780317567982.3206,position,1.0,1284.677734375
corridor,cdo3g5c8,86,1,matcher,fivh368p,1780317570202.6274,final_choice,0.0,3504.984619140625
corridor,cdo3g5c8,86,2,avoider,4pnhmhns,1780317570392.922,final_choice,1.0,3695.279296875
corridor,cdo3g5c8,86,1,matcher,fivh368p,1780317571658.8342,next_trial,,4961.19140625
corridor,cdo3g5c8,87,1,matcher,fivh368p,1780317571762.5007,position,1.0,0.0
corridor,cdo3g5c8,87,2,avoider,4pnhmhns,1780317571822.5105,position,0.0,60.009765625
corridor,cdo3g5c8,87,1,matcher,fivh368p,1780317572325.924,position,0.0,563.42333984375
corridor,cdo3g5c8,87,2,avoider,4pnhmhns,1780317572746.731,position,1.0,984.230224609375
corridor,cdo3g5c8,87,1,matcher,fivh368p,1780317574962.132,position,1.0,3199.63134765625
corridor,cdo3g5c8,87,2,avoider,4pnhmhns,1780317575129.6794,position,0.0,3367.1787109375
corridor,cdo3g5c8,87,1,matcher,fivh368p,1780317575271.983,final_choice,1.0,3509.482177734375
corridor,cdo3g5c8,87,2,avoider,4pnhmhns,1780317575330.4775,final_choice,0.0,3567.976806640625
corridor,cdo3g5c8,87,1,matcher,fivh368p,1780317576855.8584,next_trial,,5093.357666015625
corridor,cdo3g5c8,88,1,matcher,fivh368p,1780317576959.2598,position,1.0,0.0
corridor,cdo3g5c8,88,2,avoider,4pnhmhns,1780317577048.5486,position,1.0,89.288818359375
corridor,cdo3g5c8,88,2,avoider,4pnhmhns,1780317577646.6262,position,0.0,687.366455078125
corridor,cdo3g5c8,88,1,matcher,fivh368p,1780317579650.0215,position,0.0,2690.76171875
corridor,cdo3g5c8,88,2,avoider,4pnhmhns,1780317580046.3325,position,1.0,3087.07275390625
corridor,cdo3g5c8,88,1,matcher,fivh368p,1780317580472.7566,final_choice,0.0,3513.496826171875
corridor,cdo3g5c8,88,2,avoider,4pnhmhns,1780317580547.4922,final_choice,1.0,3588.232421875
corridor,cdo3g5c8,88,1,matcher,fivh368p,1780317582140.9612,next_trial,,5181.701416015625
corridor,cdo3g5c8,89,1,matcher,fivh368p,1780317582245.321,position,1.0,0.0
corridor,cdo3g5c8,89,2,avoider,4pnhmhns,1780317582260.4158,position,1.0,15.0947265625
corridor,cdo3g5c8,89,2,avoider,4pnhmhns,1780317582821.3354,position,0.0,576.014404296875
corridor,cdo3g5c8,89,2,avoider,4pnhmhns,1780317585756.8613,final_choice,0.0,3511.540283203125
corridor,cdo3g5c8,89,1,matcher,fivh368p,1780317585778.3796,final_choice,1.0,3533.05859375
corridor,cdo3g5c8,89,1,matcher,fivh368p,1780317587301.6565,next_trial,,5056.33544921875
corridor,cdo3g5c8,90,1,matcher,fivh368p,1780317587417.6406,position,1.0,0.0
corridor,cdo3g5c8,90,2,avoider,4pnhmhns,1780317587447.8647,position,0.0,30.22412109375
corridor,cdo3g5c8,90,1,matcher,fivh368p,1780317587877.4158,position,0.0,459.775146484375
corridor,cdo3g5c8,90,2,avoider,4pnhmhns,1780317588270.6829,position,1.0,853.042236328125
corridor,cdo3g5c8,90,1,matcher,fivh368p,1780317590906.256,final_choice,0.0,3488.615478515625
corridor,cdo3g5c8,90,2,avoider,4pnhmhns,1780317590922.5933,final_choice,1.0,3504.95263671875
corridor,cdo3g5c8,90,1,matcher,fivh368p,1780317592064.2856,next_trial,,4646.64501953125
corridor,cdo3g5c8,91,1,matcher,fivh368p,1780317592170.605,position,0.0,0.0
corridor,cdo3g5c8,91,2,avoider,4pnhmhns,1780317592367.8003,position,1.0,197.1953125
corridor,cdo3g5c8,91,1,matcher,fivh368p,1780317592683.1501,position,1.0,512.545166015625
corridor,cdo3g5c8,91,2,avoider,4pnhmhns,1780317593351.5798,position,0.0,1180.974853515625
corridor,cdo3g5c8,91,1,matcher,fivh368p,1780317595686.6143,final_choice,1.0,3516.00927734375
corridor,cdo3g5c8,91,2,avoider,4pnhmhns,1780317595970.2908,final_choice,0.0,3799.685791015625
corridor,cdo3g5c8,91,1,matcher,fivh368p,1780317597576.0957,next_trial,,5405.49072265625
corridor,cdo3g5c8,92,1,matcher,fivh368p,1780317597682.135,position,1.0,0.0
corridor,cdo3g5c8,92,2,avoider,4pnhmhns,1780317597698.7905,position,0.0,16.655517578125
corridor,cdo3g5c8,92,1,matcher,fivh368p,1780317598180.5332,position,0.0,498.398193359375
corridor,cdo3g5c8,92,2,avoider,4pnhmhns,1780317598593.5542,position,1.0,911.419189453125
corridor,cdo3g5c8,92,1,matcher,fivh368p,1780317600818.9167,position,1.0,3136.78173828125
corridor,cdo3g5c8,92,1,matcher,fivh368p,1780317601202.1511,final_choice,1.0,3520.01611328125
corridor,cdo3g5c8,92,2,avoider,4pnhmhns,1780317601220.5132,final_choice,1.0,3538.378173828125
corridor,cdo3g5c8,92,1,matcher,fivh368p,1780317602379.9993,next_trial,,4697.8642578125
corridor,cdo3g5c8,93,1,matcher,fivh368p,1780317602515.856,position,0.0,0.0
corridor,cdo3g5c8,93,2,avoider,4pnhmhns,1780317602851.7417,position,1.0,335.8857421875
corridor,cdo3g5c8,93,1,matcher,fivh368p,1780317603369.9153,position,1.0,854.059326171875
corridor,cdo3g5c8,93,2,avoider,4pnhmhns,1780317603926.344,position,0.0,1410.488037109375
corridor,cdo3g5c8,93,1,matcher,fivh368p,1780317606004.0952,final_choice,1.0,3488.2392578125
corridor,cdo3g5c8,93,2,avoider,4pnhmhns,1780317606360.2827,final_choice,0.0,3844.4267578125
corridor,cdo3g5c8,93,1,matcher,fivh368p,1780317607648.452,next_trial,,5132.595947265625
corridor,cdo3g5c8,94,1,matcher,fivh368p,1780317607751.6592,position,1.0,0.0
corridor,cdo3g5c8,94,2,avoider,4pnhmhns,1780317608189.8557,position,0.0,438.196533203125
corridor,cdo3g5c8,94,2,avoider,4pnhmhns,1780317608616.4883,position,1.0,864.8291015625
corridor,cdo3g5c8,94,2,avoider,4pnhmhns,1780317609141.7786,position,0.0,1390.119384765625
corridor,cdo3g5c8,94,1,matcher,fivh368p,1780317611269.3823,final_choice,1.0,3517.72314453125
corridor,cdo3g5c8,94,2,avoider,4pnhmhns,1780317611698.6946,final_choice,0.0,3947.035400390625
corridor,cdo3g5c8,94,1,matcher,fivh368p,1780317613101.6262,next_trial,,5349.967041015625
corridor,cdo3g5c8,95,1,matcher,fivh368p,1780317613215.066,position,0.0,0.0
corridor,cdo3g5c8,95,2,avoider,4pnhmhns,1780317613273.061,position,0.0,57.9951171875
corridor,cdo3g5c8,95,2,avoider,4pnhmhns,1780317613795.1057,position,1.0,580.039794921875
corridor,cdo3g5c8,95,1,matcher,fivh368p,1780317613826.3872,position,1.0,611.3212890625
corridor,cdo3g5c8,95,1,matcher,fivh368p,1780317614250.0535,position,0.0,1034.987548828125
corridor,cdo3g5c8,95,2,avoider,4pnhmhns,1780317614323.4197,position,0.0,1108.353759765625
corridor,cdo3g5c8,95,1,matcher,fivh368p,1780317614612.9448,position,1.0,1397.87890625
corridor,cdo3g5c8,95,2,avoider,4pnhmhns,1780317614659.0444,position,1.0,1443.978515625
corridor,cdo3g5c8,95,2,avoider,4pnhmhns,1780317615110.7546,position,0.0,1895.688720703125
corridor,cdo3g5c8,95,1,matcher,fivh368p,1780317615300.3384,position,0.0,2085.2724609375
corridor,cdo3g5c8,95,2,avoider,4pnhmhns,1780317615767.6191,position,1.0,2552.55322265625
corridor,cdo3g5c8,95,1,matcher,fivh368p,1780317616007.1357,position,1.0,2792.06982421875
corridor,cdo3g5c8,95,2,avoider,4pnhmhns,1780317616117.9358,position,0.0,2902.869873046875
corridor,cdo3g5c8,95,1,matcher,fivh368p,1780317616420.5718,position,0.0,3205.505859375
corridor,cdo3g5c8,95,1,matcher,fivh368p,1780317616726.809,final_choice,0.0,3511.7431640625
corridor,cdo3g5c8,95,2,avoider,4pnhmhns,1780317616789.8022,final_choice,0.0,3574.736328125
corridor,cdo3g5c8,95,1,matcher,fivh368p,1780317617935.331,next_trial,,4720.26513671875
corridor,cdo3g5c8,96,1,matcher,fivh368p,1780317618076.0342,position,1.0,0.0
corridor,cdo3g5c8,96,2,avoider,4pnhmhns,1780317618094.291,position,0.0,18.2568359375
corridor,cdo3g5c8,96,2,avoider,4pnhmhns,1780317618838.1375,position,1.0,762.103271484375
corridor,cdo3g5c8,96,1,matcher,fivh368p,1780317618995.7368,position,0.0,919.70263671875
corridor,cdo3g5c8,96,2,avoider,4pnhmhns,1780317619212.5354,position,0.0,1136.501220703125
corridor,cdo3g5c8,96,1,matcher,fivh368p,1780317619427.658,position,1.0,1351.623779296875
corridor,cdo3g5c8,96,1,matcher,fivh368p,1780317619751.7827,position,0.0,1675.74853515625
corridor,cdo3g5c8,96,1,matcher,fivh368p,1780317620447.7305,position,1.0,2371.6962890625
corridor,cdo3g5c8,96,1,matcher,fivh368p,1780317621582.8552,final_choice,1.0,3506.821044921875
corridor,cdo3g5c8,96,2,avoider,4pnhmhns,1780317621657.9182,final_choice,0.0,3581.884033203125
corridor,cdo3g5c8,96,1,matcher,fivh368p,1780317623156.0044,next_trial,,5079.97021484375
corridor,cdo3g5c8,97,1,matcher,fivh368p,1780317623261.89,position,1.0,0.0
corridor,cdo3g5c8,97,2,avoider,4pnhmhns,1780317623331.02,position,0.0,69.130126953125
corridor,cdo3g5c8,97,1,matcher,fivh368p,1780317623884.1501,position,0.0,622.26025390625
corridor,cdo3g5c8,97,1,matcher,fivh368p,1780317624318.152,position,1.0,1056.26220703125
corridor,cdo3g5c8,97,2,avoider,4pnhmhns,1780317624693.299,position,1.0,1431.4091796875
corridor,cdo3g5c8,97,1,matcher,fivh368p,1780317624796.494,position,0.0,1534.60400390625
corridor,cdo3g5c8,97,1,matcher,fivh368p,1780317625144.7192,position,1.0,1882.829345703125
corridor,cdo3g5c8,97,1,matcher,fivh368p,1780317625522.5579,position,0.0,2260.66796875
corridor,cdo3g5c8,97,1,matcher,fivh368p,1780317625860.9006,position,1.0,2599.0107421875
corridor,cdo3g5c8,97,1,matcher,fivh368p,1780317626780.2988,final_choice,1.0,3518.408935546875
corridor,cdo3g5c8,97,2,avoider,4pnhmhns,1780317626834.9368,final_choice,1.0,3573.046875
corridor,cdo3g5c8,97,1,matcher,fivh368p,1780317628169.466,next_trial,,4907.576171875
corridor,cdo3g5c8,98,1,matcher,fivh368p,1780317628273.5803,position,0.0,0.0
corridor,cdo3g5c8,98,2,avoider,4pnhmhns,1780317628289.3074,position,1.0,15.72705078125
corridor,cdo3g5c8,98,1,matcher,fivh368p,1780317628838.618,position,1.0,565.03759765625
corridor,cdo3g5c8,98,1,matcher,fivh368p,1780317629115.6577,position,0.0,842.077392578125
corridor,cdo3g5c8,98,1,matcher,fivh368p,1780317629992.1099,position,1.0,1718.529541015625
corridor,cdo3g5c8,98,1,matcher,fivh368p,1780317630699.8447,position,0.0,2426.264404296875
corridor,cdo3g5c8,98,1,matcher,fivh368p,1780317631015.0505,position,1.0,2741.47021484375
corridor,cdo3g5c8,98,2,avoider,4pnhmhns,1780317631485.988,position,0.0,3212.40771484375
corridor,cdo3g5c8,98,1,matcher,fivh368p,1780317631757.7517,position,0.0,3484.17138671875
corridor,cdo3g5c8,98,2,avoider,4pnhmhns,1780317631780.8892,final_choice,0.0,3507.308837890625
corridor,cdo3g5c8,98,1,matcher,fivh368p,1780317631794.9038,final_choice,0.0,3521.323486328125
corridor,cdo3g5c8,98,1,matcher,fivh368p,1780317632989.07,next_trial,,4715.48974609375
corridor,cdo3g5c8,99,1,matcher,fivh368p,1780317633092.5002,position,1.0,0.0
corridor,cdo3g5c8,99,2,avoider,4pnhmhns,1780317633162.813,position,0.0,70.312744140625
corridor,cdo3g5c8,99,1,matcher,fivh368p,1780317633749.5159,position,0.0,657.015625
corridor,cdo3g5c8,99,1,matcher,fivh368p,1780317633998.7522,position,1.0,906.251953125
corridor,cdo3g5c8,99,2,avoider,4pnhmhns,1780317634127.0842,position,1.0,1034.583984375
corridor,cdo3g5c8,99,1,matcher,fivh368p,1780317634331.739,position,0.0,1239.23876953125
corridor,cdo3g5c8,99,2,avoider,4pnhmhns,1780317634498.2761,position,0.0,1405.77587890625
corridor,cdo3g5c8,99,2,avoider,4pnhmhns,1780317635314.8875,position,1.0,2222.38720703125
corridor,cdo3g5c8,99,1,matcher,fivh368p,1780317635345.005,position,1.0,2252.504638671875
corridor,cdo3g5c8,99,2,avoider,4pnhmhns,1780317635778.621,position,0.0,2686.120849609375
corridor,cdo3g5c8,99,1,matcher,fivh368p,1780317636166.8047,position,0.0,3074.304443359375
corridor,cdo3g5c8,99,2,avoider,4pnhmhns,1780317636591.5273,position,1.0,3499.027099609375
corridor,cdo3g5c8,99,1,matcher,fivh368p,1780317636608.394,final_choice,0.0,3515.893798828125
corridor,cdo3g5c8,99,2,avoider,4pnhmhns,1780317636666.388,final_choice,1.0,3573.8876953125
corridor,cdo3g5c8,99,1,matcher,fivh368p,1780317638176.3284,next_trial,,5083.828125
corridor,cdo3g5c8,100,1,matcher,fivh368p,1780317638287.5288,position,0.0,0.0
corridor,cdo3g5c8,100,2,avoider,4pnhmhns,1780317638336.6077,position,0.0,49.078857421875
corridor,cdo3g5c8,100,1,matcher,fivh368p,1780317638626.3877,position,1.0,338.85888671875
corridor,cdo3g5c8,100,2,avoider,4pnhmhns,1780317638819.7576,position,1.0,532.228759765625
corridor,cdo3g5c8,100,2,avoider,4pnhmhns,1780317639128.185,position,0.0,840.65625
corridor,cdo3g5c8,100,1,matcher,fivh368p,1780317639232.929,position,0.0,945.400146484375
corridor,cdo3g5c8,100,1,matcher,fivh368p,1780317639561.3208,position,1.0,1273.7919921875
corridor,cdo3g5c8,100,2,avoider,4pnhmhns,1780317639655.904,position,1.0,1368.375244140625
corridor,cdo3g5c8,100,1,matcher,fivh368p,1780317639843.5747,position,0.0,1556.0458984375
corridor,cdo3g5c8,100,2,avoider,4pnhmhns,1780317639964.7544,position,0.0,1677.2255859375
corridor,cdo3g5c8,100,1,matcher,fivh368p,1780317640474.465,position,1.0,2186.936279296875
corridor,cdo3g5c8,100,1,matcher,fivh368p,1780317640797.6504,position,0.0,2510.12158203125
corridor,cdo3g5c8,100,1,matcher,fivh368p,1780317641230.7715,position,1.0,2943.24267578125
corridor,cdo3g5c8,100,1,matcher,fivh368p,1780317641501.9033,position,0.0,3214.37451171875
corridor,cdo3g5c8,100,2,avoider,4pnhmhns,1780317641800.499,final_choice,0.0,3512.97021484375
corridor,cdo3g5c8,100,1,matcher,fivh368p,1780317641844.5269,final_choice,0.0,3556.998046875
