game,session_code,trial,matcher_code,avoider_code,matcher_action,avoider_action,matched,matcher_won,avoider_won,matcher_reward,avoider_reward,random_time_ms,block,opponent_type,matcher_valid,avoider_valid,matcher_total,avoider_total,outcome_reason,matcher_rt_ms,avoider_rt_ms,server_ts,matcher_start_lane,avoider_start_lane,shared_control_lock,total_pause_ms
matching_pennies,tvy419q7,1,56gbn29a,0vhb90w3,NONE,NONE,False,False,False,0,0,2815,multi,human,False,False,0,0,both_no_choice,2816.0,2816.0,1780069641.0700374,,,,
matching_pennies,tvy419q7,2,56gbn29a,0vhb90w3,R,NONE,False,True,False,10,0,3222,multi,human,True,False,10,0,p2_no_choice,3223.0,3223.0,1780069647.0148468,,,,
matching_pennies,tvy419q7,3,56gbn29a,0vhb90w3,R,NONE,False,True,False,10,0,3466,multi,human,True,False,20,0,p2_no_choice,3467.0,3467.0,1780069653.2113,,,,
matching_pennies,tvy419q7,4,56gbn29a,0vhb90w3,L,NONE,False,True,False,10,0,4348,multi,human,True,False,30,0,p2_no_choice,4349.0,4348.0,1780069660.3359656,,,,
matching_pennies,tvy419q7,5,56gbn29a,0vhb90w3,R,L,False,False,True,0,10,2379,multi,human,True,True,30,10,mismatch,2379.0,2392.0,1780069665.7122946,,,,
matching_pennies,tvy419q7,6,56gbn29a,0vhb90w3,R,L,False,False,True,0,10,4653,multi,human,True,True,30,20,mismatch,4654.0,4656.0,1780069673.1169977,,,,
matching_pennies,tvy419q7,7,56gbn29a,0vhb90w3,L,R,False,False,True,0,10,4071,multi,human,True,True,30,30,mismatch,4071.0,4071.0,1780069680.2492537,,,,
matching_pennies,tvy419q7,8,56gbn29a,0vhb90w3,L,L,True,True,False,10,0,3522,multi,human,True,True,40,30,match,3523.0,3529.0,1780069686.5759845,,,,
matching_pennies,tvy419q7,9,56gbn29a,0vhb90w3,R,R,True,True,False,10,0,2822,multi,human,True,True,50,30,match,2823.0,2823.0,1780069692.1612802,,,,
matching_pennies,tvy419q7,10,56gbn29a,0vhb90w3,L,L,True,True,False,10,0,4861,multi,human,True,True,60,30,match,4862.0,4862.0,1780069699.8265743,,,,
matching_pennies,tvy419q7,11,56gbn29a,0vhb90w3,R,L,False,False,True,0,10,4871,multi,human,True,True,60,40,mismatch,4872.0,4886.0,1780069707.717106,,,,
matching_pennies,tvy419q7,12,56gbn29a,0vhb90w3,L,NONE,False,True,False,10,0,2899,multi,human,True,False,70,40,p2_no_choice,2901.0,2899.0,1780069713.5235496,,,,
matching_pennies,tvy419q7,13,56gbn29a,0vhb90w3,L,NONE,False,True,False,10,0,2075,multi,human,True,False,80,40,p2_no_choice,2076.0,2083.0,1780069718.4339178,,,,
matching_pennies,tvy419q7,14,56gbn29a,0vhb90w3,L,L,True,True,False,10,0,4517,multi,human,True,True,90,40,match,4517.0,4533.0,1780069725.8985178,,,,
matching_pennies,tvy419q7,15,56gbn29a,0vhb90w3,R,R,True,True,False,10,0,3963,multi,human,True,True,100,40,match,3963.0,3964.0,1780069732.6471424,,,,
matching_pennies,tvy419q7,16,56gbn29a,0vhb90w3,R,L,False,False,True,0,10,3276,multi,human,True,True,100,50,mismatch,3277.0,3281.0,1780069738.7399142,,,,
matching_pennies,tvy419q7,17,56gbn29a,0vhb90w3,L,R,False,False,True,0,10,2610,multi,human,True,True,100,60,mismatch,2610.0,2619.0,1780069744.184978,,,,
matching_pennies,tvy419q7,18,56gbn29a,0vhb90w3,L,R,False,False,True,0,10,4788,multi,human,True,True,100,70,mismatch,4788.0,4793.0,1780069751.8610592,,,,
matching_pennies,tvy419q7,19,56gbn29a,0vhb90w3,R,L,False,False,True,0,10,3573,multi,human,True,True,100,80,mismatch,3574.0,3576.0,1780069758.2211013,,,,
matching_pennies,tvy419q7,20,56gbn29a,0vhb90w3,L,R,False,False,True,0,10,4850,multi,human,True,True,100,90,mismatch,4852.0,4863.0,1780069765.8661196,,,,
matching_pennies,tvy419q7,21,56gbn29a,0vhb90w3,L,R,False,False,True,0,10,4702,multi,human,True,True,100,100,mismatch,4704.0,4712.0,1780069773.421768,,,,
matching_pennies,tvy419q7,22,56gbn29a,0vhb90w3,NONE,R,False,False,True,0,10,4476,multi,human,False,True,100,110,p1_no_choice,4476.0,4483.0,1780069780.7360876,,,,
matching_pennies,tvy419q7,23,56gbn29a,0vhb90w3,R,R,True,True,False,10,0,3602,multi,human,True,True,110,110,match,3606.0,3611.0,1780069787.1485465,,,,
matching_pennies,tvy419q7,24,56gbn29a,0vhb90w3,L,L,True,True,False,10,0,3045,multi,human,True,True,120,110,match,3046.0,3053.0,1780069793.0385714,,,,
matching_pennies,tvy419q7,25,56gbn29a,0vhb90w3,R,R,True,True,False,10,0,3290,multi,human,True,True,130,110,match,3291.0,3293.0,1780069799.4701343,,,,
matching_pennies,tvy419q7,26,56gbn29a,0vhb90w3,L,L,True,True,False,10,0,2118,multi,human,True,True,140,110,match,2119.0,2129.0,1780069804.454891,,,,
matching_pennies,tvy419q7,27,56gbn29a,0vhb90w3,NONE,R,False,False,True,0,10,4432,multi,human,False,True,140,120,p1_no_choice,4436.0,4440.0,1780069811.822675,,,,
matching_pennies,tvy419q7,28,56gbn29a,0vhb90w3,NONE,NONE,False,False,False,0,0,2054,multi,human,False,False,140,120,both_no_choice,2055.0,2068.0,1780069816.93625,,,,
matching_pennies,tvy419q7,29,56gbn29a,0vhb90w3,R,R,True,True,False,10,0,3034,multi,human,True,True,150,120,match,3034.0,3048.0,1780069822.9172084,,,,
matching_pennies,tvy419q7,30,56gbn29a,0vhb90w3,NONE,L,False,False,True,0,10,4719,multi,human,False,True,150,130,p1_no_choice,4725.0,4720.0,1780069830.9877305,,,,
matching_pennies,tvy419q7,31,56gbn29a,0vhb90w3,L,R,False,False,True,0,10,4689,multi,human,True,True,150,140,mismatch,4690.0,4691.0,1780069838.6281855,,,,
matching_pennies,tvy419q7,32,56gbn29a,0vhb90w3,R,R,True,True,False,10,0,2083,multi,human,True,True,160,140,match,2088.0,2083.0,1780069843.9614146,,,,
matching_pennies,tvy419q7,33,56gbn29a,0vhb90w3,R,R,True,True,False,10,0,3514,multi,human,True,True,170,140,match,3515.0,3515.0,1780069850.8684297,,,,
matching_pennies,tvy419q7,34,56gbn29a,0vhb90w3,R,R,True,True,False,10,0,4908,multi,human,True,True,180,140,match,4909.0,4915.0,1780069859.5383437,,,,
matching_pennies,tvy419q7,35,56gbn29a,0vhb90w3,NONE,L,False,False,True,0,10,2317,multi,human,False,True,180,150,p1_no_choice,2318.0,2320.0,1780069864.8281934,,,,
matching_pennies,tvy419q7,36,56gbn29a,0vhb90w3,NONE,L,False,False,True,0,10,3009,multi,human,False,True,180,160,p1_no_choice,3010.0,3013.0,1780069870.6554134,,,,
matching_pennies,tvy419q7,37,56gbn29a,0vhb90w3,NONE,L,False,False,True,0,10,2746,multi,human,False,True,180,170,p1_no_choice,2750.0,2751.0,1780069876.2670727,,,,
matching_pennies,tvy419q7,38,56gbn29a,0vhb90w3,L,R,False,False,True,0,10,4351,multi,human,True,True,180,180,mismatch,4353.0,4352.0,1780069884.0038092,,,,
matching_pennies,tvy419q7,39,56gbn29a,0vhb90w3,L,L,True,True,False,10,0,4575,multi,human,True,True,190,180,match,4576.0,4578.0,1780069891.6061666,,,,
matching_pennies,tvy419q7,40,56gbn29a,0vhb90w3,L,NONE,False,True,False,10,0,4290,multi,human,True,False,200,180,p2_no_choice,4299.0,4299.0,1780069898.6996992,,,,
matching_pennies,tvy419q7,41,56gbn29a,0vhb90w3,R,R,True,True,False,10,0,3818,multi,human,True,True,210,180,match,3819.0,3818.0,1780069905.4317443,,,,
matching_pennies,tvy419q7,42,56gbn29a,0vhb90w3,L,L,True,True,False,10,0,2769,multi,human,True,True,220,180,match,2770.0,2769.0,1780069911.1241233,,,,
matching_pennies,tvy419q7,43,56gbn29a,0vhb90w3,L,L,True,True,False,10,0,4987,multi,human,True,True,230,180,match,4988.0,4990.0,1780069919.032199,,,,
matching_pennies,tvy419q7,44,56gbn29a,0vhb90w3,NONE,L,False,False,True,0,10,2979,multi,human,False,True,230,190,p1_no_choice,2980.0,2980.0,1780069924.9072437,,,,
matching_pennies,tvy419q7,45,56gbn29a,0vhb90w3,L,R,False,False,True,0,10,4461,multi,human,True,True,230,200,mismatch,4462.0,4465.0,1780069932.524826,,,,
matching_pennies,tvy419q7,46,56gbn29a,0vhb90w3,NONE,R,False,False,True,0,10,4932,multi,human,False,True,230,210,p1_no_choice,4932.0,4937.0,1780069941.2682042,,,,
matching_pennies,tvy419q7,47,56gbn29a,0vhb90w3,R,R,True,True,False,10,0,3456,multi,human,True,True,240,210,match,3465.0,3456.0,1780069948.2990003,,,,
matching_pennies,tvy419q7,48,56gbn29a,0vhb90w3,NONE,NONE,False,False,False,0,0,2241,multi,human,False,False,240,210,both_no_choice,2248.0,2250.0,1780069953.5481465,,,,
matching_pennies,tvy419q7,49,56gbn29a,0vhb90w3,NONE,R,False,False,True,0,10,2513,multi,human,False,True,240,220,p1_no_choice,2515.0,2513.0,1780069958.9011564,,,,
matching_pennies,tvy419q7,50,56gbn29a,0vhb90w3,R,R,True,True,False,10,0,3572,multi,human,True,True,250,220,match,3573.0,3574.0,1780069965.417542,,,,
matching_pennies,tvy419q7,51,56gbn29a,0vhb90w3,NONE,R,False,False,True,0,10,3938,multi,human,False,True,250,230,p1_no_choice,3945.0,3948.0,1780069972.9689646,,,,
matching_pennies,tvy419q7,52,56gbn29a,0vhb90w3,R,L,False,False,True,0,10,4615,multi,human,True,True,250,240,mismatch,4615.0,4620.0,1780069980.4452941,,,,
matching_pennies,tvy419q7,53,56gbn29a,0vhb90w3,NONE,NONE,False,False,False,0,0,2488,multi,human,False,False,250,240,both_no_choice,2489.0,2490.0,1780069986.4370906,,,,
matching_pennies,tvy419q7,54,56gbn29a,0vhb90w3,R,NONE,False,True,False,10,0,4642,multi,human,True,False,260,240,p2_no_choice,4645.0,4650.0,1780069994.4431288,,,,
matching_pennies,tvy419q7,55,56gbn29a,0vhb90w3,NONE,R,False,False,True,0,10,3754,multi,human,False,True,260,250,p1_no_choice,3754.0,3756.0,1780070001.0272226,,,,
matching_pennies,tvy419q7,56,56gbn29a,0vhb90w3,R,L,False,False,True,0,10,3774,multi,human,True,True,260,260,mismatch,3775.0,3783.0,1780070007.7247746,,,,
matching_pennies,tvy419q7,57,56gbn29a,0vhb90w3,R,R,True,True,False,10,0,3584,multi,human,True,True,270,260,match,3585.0,3594.0,1780070014.2845752,,,,
matching_pennies,tvy419q7,58,56gbn29a,0vhb90w3,L,R,False,False,True,0,10,3906,multi,human,True,True,270,270,mismatch,3907.0,3913.0,1780070021.1160455,,,,
matching_pennies,tvy419q7,59,56gbn29a,0vhb90w3,NONE,L,False,False,True,0,10,2243,multi,human,False,True,270,280,p1_no_choice,2244.0,2249.0,1780070026.9429398,,,,
matching_pennies,tvy419q7,60,56gbn29a,0vhb90w3,L,R,False,False,True,0,10,2587,multi,human,True,True,270,290,mismatch,2588.0,2588.0,1780070032.398076,,,,
matching_pennies,tvy419q7,61,56gbn29a,0vhb90w3,L,R,False,False,True,0,10,4180,multi,human,True,True,270,300,mismatch,4181.0,4183.0,1780070039.5573153,,,,
matching_pennies,tvy419q7,62,56gbn29a,0vhb90w3,R,L,False,False,True,0,10,3299,multi,human,True,True,270,310,mismatch,3300.0,3300.0,1780070045.7441938,,,,
matching_pennies,tvy419q7,63,56gbn29a,0vhb90w3,L,L,True,True,False,10,0,4563,multi,human,True,True,280,310,match,4564.0,4566.0,1780070053.2405007,,,,
matching_pennies,tvy419q7,64,56gbn29a,0vhb90w3,R,R,True,True,False,10,0,4021,multi,human,True,True,290,310,match,4022.0,4033.0,1780070060.145646,,,,
matching_pennies,tvy419q7,65,56gbn29a,0vhb90w3,NONE,L,False,False,True,0,10,4793,multi,human,False,True,290,320,p1_no_choice,4794.0,4801.0,1780070067.8597589,,,,
matching_pennies,tvy419q7,66,56gbn29a,0vhb90w3,R,L,False,False,True,0,10,4593,multi,human,True,True,290,330,mismatch,4594.0,4594.0,1780070075.413573,,,,
matching_pennies,tvy419q7,67,56gbn29a,0vhb90w3,R,NONE,False,True,False,10,0,3940,multi,human,True,False,300,330,p2_no_choice,3944.0,3951.0,1780070082.6017323,,,,
matching_pennies,tvy419q7,68,56gbn29a,0vhb90w3,NONE,NONE,False,False,False,0,0,2257,multi,human,False,False,300,330,both_no_choice,2257.0,2265.0,1780070087.8904183,,,,
matching_pennies,tvy419q7,69,56gbn29a,0vhb90w3,L,L,True,True,False,10,0,2542,multi,human,True,True,310,330,match,2542.0,2543.0,1780070093.3811076,,,,
matching_pennies,tvy419q7,70,56gbn29a,0vhb90w3,R,R,True,True,False,10,0,3831,multi,human,True,True,320,330,match,3831.0,3834.0,1780070100.1318793,,,,
matching_pennies,tvy419q7,71,56gbn29a,0vhb90w3,R,L,False,False,True,0,10,2551,multi,human,True,True,320,340,mismatch,2551.0,2558.0,1780070105.6819258,,,,
matching_pennies,tvy419q7,72,56gbn29a,0vhb90w3,R,L,False,False,True,0,10,2429,multi,human,True,True,320,350,mismatch,2429.0,2430.0,1780070111.0050557,,,,
matching_pennies,tvy419q7,73,56gbn29a,0vhb90w3,L,L,True,True,False,10,0,3917,multi,human,True,True,330,350,match,3917.0,3919.0,1780070117.8776968,,,,
matching_pennies,tvy419q7,74,56gbn29a,0vhb90w3,L,R,False,False,True,0,10,4091,multi,human,True,True,330,360,mismatch,4091.0,4093.0,1780070124.8535542,,,,
matching_pennies,tvy419q7,75,56gbn29a,0vhb90w3,R,L,False,False,True,0,10,4966,multi,human,True,True,330,370,mismatch,4966.0,4966.0,1780070132.6275754,,,,
matching_pennies,tvy419q7,76,56gbn29a,0vhb90w3,NONE,L,False,False,True,0,10,2934,multi,human,False,True,330,380,p1_no_choice,2934.0,2938.0,1780070138.4243262,,,,
matching_pennies,tvy419q7,77,56gbn29a,0vhb90w3,L,L,True,True,False,10,0,2801,multi,human,True,True,340,380,match,2802.0,2813.0,1780070144.1301687,,,,
matching_pennies,tvy419q7,78,56gbn29a,0vhb90w3,L,L,True,True,False,10,0,4289,multi,human,True,True,350,380,match,4289.0,4294.0,1780070151.2443879,,,,
matching_pennies,tvy419q7,79,56gbn29a,0vhb90w3,NONE,L,False,False,True,0,10,4063,multi,human,False,True,350,390,p1_no_choice,4063.0,4065.0,1780070158.1126814,,,,
matching_pennies,tvy419q7,80,56gbn29a,0vhb90w3,L,R,False,False,True,0,10,3315,multi,human,True,True,350,400,mismatch,3315.0,3317.0,1780070164.2490575,,,,
matching_pennies,tvy419q7,81,56gbn29a,0vhb90w3,R,L,False,False,True,0,10,2595,multi,human,True,True,350,410,mismatch,2595.0,2600.0,1780070169.6704495,,,,
matching_pennies,tvy419q7,82,56gbn29a,0vhb90w3,R,L,False,False,True,0,10,3731,multi,human,True,True,350,420,mismatch,3731.0,3746.0,1780070176.2605708,,,,
matching_pennies,tvy419q7,83,56gbn29a,0vhb90w3,L,R,False,False,True,0,10,2414,multi,human,True,True,350,430,mismatch,2414.0,2423.0,1780070181.6853943,,,,
matching_pennies,tvy419q7,84,56gbn29a,0vhb90w3,L,R,False,False,True,0,10,3465,multi,human,True,True,350,440,mismatch,3466.0,3469.0,1780070188.09883,,,,
matching_pennies,tvy419q7,85,56gbn29a,0vhb90w3,R,R,True,True,False,10,0,4418,multi,human,True,True,360,440,match,4418.0,4428.0,1780070195.6509736,,,,
matching_pennies,tvy419q7,86,56gbn29a,0vhb90w3,L,R,False,False,True,0,10,3020,multi,human,True,True,360,450,mismatch,3021.0,3030.0,1780070201.5872352,,,,
matching_pennies,tvy419q7,87,56gbn29a,0vhb90w3,L,L,True,True,False,10,0,4326,multi,human,True,True,370,450,match,4327.0,4333.0,1780070208.9724689,,,,
matching_pennies,tvy419q7,88,56gbn29a,0vhb90w3,R,R,True,True,False,10,0,3404,multi,human,True,True,380,450,match,3404.0,3415.0,1780070215.4527597,,,,
matching_pennies,tvy419q7,89,56gbn29a,0vhb90w3,L,NONE,False,True,False,10,0,2918,multi,human,True,False,390,450,p2_no_choice,2918.0,2922.0,1780070221.3271685,,,,
matching_pennies,tvy419q7,90,56gbn29a,0vhb90w3,R,L,False,False,True,0,10,4155,multi,human,True,True,390,460,mismatch,4155.0,4162.0,1780070228.4348989,,,,
matching_pennies,tvy419q7,91,56gbn29a,0vhb90w3,NONE,L,False,False,True,0,10,2135,multi,human,False,True,390,470,p1_no_choice,2135.0,2140.0,1780070233.4130044,,,,
matching_pennies,tvy419q7,92,56gbn29a,0vhb90w3,NONE,L,False,False,True,0,10,2888,multi,human,False,True,390,480,p1_no_choice,2888.0,2896.0,1780070239.222198,,,,
matching_pennies,tvy419q7,93,56gbn29a,0vhb90w3,R,NONE,False,True,False,10,0,2278,multi,human,True,False,400,480,p2_no_choice,2278.0,2282.0,1780070244.6335797,,,,
matching_pennies,tvy419q7,94,56gbn29a,0vhb90w3,NONE,L,False,False,True,0,10,3976,multi,human,False,True,400,490,p1_no_choice,3976.0,3983.0,1780070251.7056487,,,,
matching_pennies,tvy419q7,95,56gbn29a,0vhb90w3,NONE,R,False,False,True,0,10,3241,multi,human,False,True,400,500,p1_no_choice,3241.0,3255.0,1780070258.2044237,,,,
matching_pennies,tvy419q7,96,56gbn29a,0vhb90w3,NONE,R,False,False,True,0,10,2312,multi,human,False,True,400,510,p1_no_choice,2312.0,2319.0,1780070264.4272997,,,,
matching_pennies,tvy419q7,97,56gbn29a,0vhb90w3,R,L,False,False,True,0,10,4086,multi,human,True,True,400,520,mismatch,4086.0,4094.0,1780070271.4954631,,,,
matching_pennies,tvy419q7,98,56gbn29a,0vhb90w3,L,L,True,True,False,10,0,4697,multi,human,True,True,410,520,match,4697.0,4699.0,1780070279.0732973,,,,
matching_pennies,tvy419q7,99,56gbn29a,0vhb90w3,R,R,True,True,False,10,0,4937,multi,human,True,True,420,520,match,4937.0,4944.0,1780070286.8901951,,,,
matching_pennies,tvy419q7,100,56gbn29a,0vhb90w3,R,L,False,False,True,0,10,4555,multi,human,True,True,420,530,mismatch,4555.0,4563.0,1780070294.517133,,,,
corridor,cdo3g5c8,1,fivh368p,4pnhmhns,1,1,True,True,False,10,0,3513,multi,human,True,True,10,0,collision,,,1780317137.882191,1.0,1.0,True,0.0
corridor,cdo3g5c8,2,fivh368p,4pnhmhns,0,1,False,False,True,0,10,1797,multi,human,True,True,10,10,pass,,,1780317142.724482,0.0,1.0,True,0.0
corridor,cdo3g5c8,3,fivh368p,4pnhmhns,1,1,True,True,False,10,0,1715,multi,human,True,True,20,10,collision,,,1780317147.8930993,1.0,1.0,True,0.0
corridor,cdo3g5c8,4,fivh368p,4pnhmhns,1,0,False,False,True,0,10,3199,multi,human,True,True,20,20,pass,,,1780317153.098418,1.0,0.0,True,0.0
corridor,cdo3g5c8,5,fivh368p,4pnhmhns,1,1,True,True,False,10,0,3996,multi,human,True,True,30,20,collision,,,1780317158.426271,1.0,0.0,True,0.0
corridor,cdo3g5c8,6,fivh368p,4pnhmhns,0,1,False,False,True,0,10,2313,multi,human,True,True,30,30,pass,,,1780317163.2622776,1.0,0.0,True,0.0
corridor,cdo3g5c8,7,fivh368p,4pnhmhns,0,1,False,False,True,0,10,2959,multi,human,True,True,30,40,pass,,,1780317168.445154,1.0,0.0,True,0.0
corridor,cdo3g5c8,8,fivh368p,4pnhmhns,1,0,False,False,True,0,10,2751,multi,human,True,True,30,50,pass,,,1780317173.436331,1.0,1.0,True,0.0
corridor,cdo3g5c8,9,fivh368p,4pnhmhns,1,0,False,False,True,0,10,1652,multi,human,True,True,30,60,pass,,,1780317178.6925542,1.0,1.0,True,0.0
corridor,cdo3g5c8,10,fivh368p,4pnhmhns,1,1,True,True,False,10,0,3578,multi,human,True,True,40,60,collision,,,1780317183.9047,1.0,1.0,True,0.0
corridor,cdo3g5c8,11,fivh368p,4pnhmhns,1,1,True,True,False,10,0,2213,multi,human,True,True,50,60,collision,,,1780317188.887652,1.0,1.0,True,0.0
corridor,cdo3g5c8,12,fivh368p,4pnhmhns,0,0,True,True,False,10,0,2035,multi,human,True,True,60,60,collision,,,1780317193.9365523,1.0,1.0,True,0.0
corridor,cdo3g5c8,13,fivh368p,4pnhmhns,1,1,True,True,False,10,0,1006,multi,human,True,True,70,60,collision,,,1780317199.0450358,0.0,0.0,True,0.0
corridor,cdo3g5c8,14,fivh368p,4pnhmhns,0,1,False,False,True,0,10,3749,multi,human,True,True,70,70,pass,,,1780317203.9751635,1.0,0.0,True,0.0
corridor,cdo3g5c8,15,fivh368p,4pnhmhns,1,0,False,False,True,0,10,1493,multi,human,True,True,70,80,pass,,,1780317208.967153,0.0,0.0,True,0.0
corridor,cdo3g5c8,16,fivh368p,4pnhmhns,1,1,True,True,False,10,0,2682,multi,human,True,True,80,80,collision,,,1780317213.8249702,1.0,0.0,True,0.0
corridor,cdo3g5c8,17,fivh368p,4pnhmhns,1,0,False,False,True,0,10,3353,multi,human,True,True,80,90,pass,,,1780317218.8277566,0.0,0.0,True,0.0
corridor,cdo3g5c8,18,fivh368p,4pnhmhns,0,1,False,False,True,0,10,3618,multi,human,True,True,80,100,pass,,,1780317223.8114219,1.0,0.0,True,0.0
corridor,cdo3g5c8,19,fivh368p,4pnhmhns,1,0,False,False,True,0,10,3610,multi,human,True,True,80,110,pass,,,1780317228.6741388,0.0,1.0,True,0.0
corridor,cdo3g5c8,20,fivh368p,4pnhmhns,0,0,True,True,False,10,0,2682,multi,human,True,True,90,110,collision,,,1780317233.708586,0.0,0.0,True,0.0
corridor,cdo3g5c8,21,fivh368p,4pnhmhns,1,0,False,False,True,0,10,1643,multi,human,True,True,90,120,pass,,,1780317238.6096628,1.0,1.0,True,0.0
corridor,cdo3g5c8,22,fivh368p,4pnhmhns,1,0,False,False,True,0,10,1186,multi,human,True,True,90,130,pass,,,1780317243.5947118,1.0,1.0,True,0.0
corridor,cdo3g5c8,23,fivh368p,4pnhmhns,0,1,False,False,True,0,10,1385,multi,human,True,True,90,140,pass,,,1780317248.7441459,0.0,0.0,True,0.0
corridor,cdo3g5c8,24,fivh368p,4pnhmhns,0,0,True,True,False,10,0,1857,multi,human,True,True,100,140,collision,,,1780317253.6570888,0.0,1.0,True,0.0
corridor,cdo3g5c8,25,fivh368p,4pnhmhns,0,0,True,True,False,10,0,2334,multi,human,True,True,110,140,collision,,,1780317258.5639737,0.0,0.0,True,0.0
corridor,cdo3g5c8,26,fivh368p,4pnhmhns,0,0,True,True,False,10,0,2701,multi,human,True,True,120,140,collision,,,1780317263.4015992,1.0,1.0,True,0.0
corridor,cdo3g5c8,27,fivh368p,4pnhmhns,1,0,False,False,True,0,10,3802,multi,human,True,True,120,150,pass,,,1780317268.5773268,1.0,1.0,True,0.0
corridor,cdo3g5c8,28,fivh368p,4pnhmhns,1,1,True,True,False,10,0,3251,multi,human,True,True,130,150,collision,,,1780317273.8114462,0.0,0.0,True,0.0
corridor,cdo3g5c8,29,fivh368p,4pnhmhns,1,0,False,False,True,0,10,2095,multi,human,True,True,130,160,pass,,,1780317279.0060225,0.0,0.0,True,0.0
corridor,cdo3g5c8,30,fivh368p,4pnhmhns,0,0,True,True,False,10,0,1204,multi,human,True,True,140,160,collision,,,1780317283.9514244,1.0,1.0,True,0.0
corridor,cdo3g5c8,31,fivh368p,4pnhmhns,0,1,False,False,True,0,10,2616,multi,human,True,True,140,170,pass,,,1780317289.0734282,0.0,0.0,True,0.0
corridor,cdo3g5c8,32,fivh368p,4pnhmhns,1,1,True,True,False,10,0,3135,multi,human,True,True,150,170,collision,,,1780317294.2073307,0.0,1.0,True,0.0
corridor,cdo3g5c8,33,fivh368p,4pnhmhns,1,1,True,True,False,10,0,3208,multi,human,True,True,160,170,collision,,,1780317299.2749677,0.0,1.0,True,0.0
corridor,cdo3g5c8,34,fivh368p,4pnhmhns,1,0,False,False,True,0,10,2284,multi,human,True,True,160,180,pass,,,1780317304.612858,0.0,0.0,True,0.0
corridor,cdo3g5c8,35,fivh368p,4pnhmhns,1,0,False,False,True,0,10,1537,multi,human,True,True,160,190,pass,,,1780317309.6239877,0.0,0.0,True,0.0
corridor,cdo3g5c8,36,fivh368p,4pnhmhns,0,1,False,False,True,0,10,3940,multi,human,True,True,160,200,pass,,,1780317314.8867319,1.0,0.0,True,0.0
corridor,cdo3g5c8,37,fivh368p,4pnhmhns,1,0,False,False,True,0,10,3020,multi,human,True,True,160,210,pass,,,1780317320.0343134,1.0,1.0,True,0.0
corridor,cdo3g5c8,38,fivh368p,4pnhmhns,0,0,True,True,False,10,0,1360,multi,human,True,True,170,210,collision,,,1780317325.0119665,0.0,0.0,True,0.0
corridor,cdo3g5c8,39,fivh368p,4pnhmhns,0,1,False,False,True,0,10,1892,multi,human,True,True,170,220,pass,,,1780317330.2477942,1.0,1.0,True,0.0
corridor,cdo3g5c8,40,fivh368p,4pnhmhns,1,0,False,False,True,0,10,2392,multi,human,True,True,170,230,pass,,,1780317335.4380293,1.0,0.0,True,0.0
corridor,cdo3g5c8,41,fivh368p,4pnhmhns,0,0,True,True,False,10,0,2470,multi,human,True,True,180,230,collision,,,1780317340.6615996,0.0,1.0,True,0.0
corridor,cdo3g5c8,42,fivh368p,4pnhmhns,1,1,True,True,False,10,0,2533,multi,human,True,True,190,230,collision,,,1780317345.5316582,1.0,1.0,True,0.0
corridor,cdo3g5c8,43,fivh368p,4pnhmhns,0,1,False,False,True,0,10,1472,multi,human,True,True,190,240,pass,,,1780317350.5788715,1.0,1.0,True,0.0
corridor,cdo3g5c8,44,fivh368p,4pnhmhns,0,1,False,False,True,0,10,1398,multi,human,True,True,190,250,pass,,,1780317355.77052,1.0,0.0,True,0.0
corridor,cdo3g5c8,45,fivh368p,4pnhmhns,0,1,False,False,True,0,10,3317,multi,human,True,True,190,260,pass,,,1780317361.0840662,1.0,0.0,True,0.0
corridor,cdo3g5c8,46,fivh368p,4pnhmhns,1,0,False,False,True,0,10,1696,multi,human,True,True,190,270,pass,,,1780317366.2985113,1.0,1.0,True,0.0
corridor,cdo3g5c8,47,fivh368p,4pnhmhns,0,1,False,False,True,0,10,1334,multi,human,True,True,190,280,pass,,,1780317371.298652,0.0,1.0,True,0.0
corridor,cdo3g5c8,48,fivh368p,4pnhmhns,1,0,False,False,True,0,10,1633,multi,human,True,True,190,290,pass,,,1780317377.2669635,1.0,1.0,True,0.0
corridor,cdo3g5c8,49,fivh368p,4pnhmhns,0,1,False,False,True,0,10,3532,multi,human,True,True,190,300,pass,,,1780317382.609997,1.0,0.0,True,0.0
corridor,cdo3g5c8,50,fivh368p,4pnhmhns,0,0,True,True,False,10,0,2860,multi,human,True,True,200,300,collision,,,1780317387.7159522,0.0,0.0,True,0.0
corridor,cdo3g5c8,51,fivh368p,4pnhmhns,1,1,True,True,False,10,0,3053,multi,human,True,True,210,300,collision,,,1780317392.979271,0.0,0.0,True,0.0
corridor,cdo3g5c8,52,fivh368p,4pnhmhns,0,1,False,False,True,0,10,3371,multi,human,True,True,210,310,pass,,,1780317397.8428135,0.0,1.0,True,0.0
corridor,cdo3g5c8,53,fivh368p,4pnhmhns,1,1,True,True,False,10,0,1747,multi,human,True,True,220,310,collision,,,1780317402.946168,1.0,1.0,True,0.0
corridor,cdo3g5c8,54,fivh368p,4pnhmhns,0,0,True,True,False,10,0,2815,multi,human,True,True,230,310,collision,,,1780317407.9810152,1.0,1.0,True,0.0
corridor,cdo3g5c8,55,fivh368p,4pnhmhns,0,1,False,False,True,0,10,2669,multi,human,True,True,230,320,pass,,,1780317413.1851695,0.0,0.0,True,0.0
corridor,cdo3g5c8,56,fivh368p,4pnhmhns,1,1,True,True,False,10,0,3459,multi,human,True,True,240,320,collision,,,1780317418.0601523,1.0,1.0,True,0.0
corridor,cdo3g5c8,57,fivh368p,4pnhmhns,0,1,False,False,True,0,10,3116,multi,human,True,True,240,330,pass,,,1780317423.0796065,1.0,0.0,True,0.0
corridor,cdo3g5c8,58,fivh368p,4pnhmhns,0,1,False,False,True,0,10,1891,multi,human,True,True,240,340,pass,,,1780317428.3302536,0.0,0.0,True,0.0
corridor,cdo3g5c8,59,fivh368p,4pnhmhns,1,0,False,False,True,0,10,2947,multi,human,True,True,240,350,pass,,,1780317433.2983165,1.0,0.0,True,0.0
corridor,cdo3g5c8,60,fivh368p,4pnhmhns,0,1,False,False,True,0,10,2466,multi,human,True,True,240,360,pass,,,1780317438.2375433,0.0,0.0,True,0.0
corridor,cdo3g5c8,61,fivh368p,4pnhmhns,1,0,False,False,True,0,10,1340,multi,human,True,True,240,370,pass,,,1780317443.3567798,1.0,1.0,True,0.0
corridor,cdo3g5c8,62,fivh368p,4pnhmhns,1,1,True,True,False,10,0,2922,multi,human,True,True,250,370,collision,,,1780317448.4916668,1.0,0.0,True,0.0
corridor,cdo3g5c8,63,fivh368p,4pnhmhns,0,1,False,False,True,0,10,1709,multi,human,True,True,250,380,pass,,,1780317453.6141403,0.0,1.0,True,0.0
corridor,cdo3g5c8,64,fivh368p,4pnhmhns,0,0,True,True,False,10,0,3453,multi,human,True,True,260,380,collision,,,1780317458.6276588,1.0,0.0,True,0.0
corridor,cdo3g5c8,65,fivh368p,4pnhmhns,0,0,True,True,False,10,0,3175,multi,human,True,True,270,380,collision,,,1780317463.5008435,1.0,1.0,True,0.0
corridor,cdo3g5c8,66,fivh368p,4pnhmhns,0,0,True,True,False,10,0,3572,multi,human,True,True,280,380,collision,,,1780317468.7082353,1.0,0.0,True,0.0
corridor,cdo3g5c8,67,fivh368p,4pnhmhns,1,0,False,False,True,0,10,3463,multi,human,True,True,280,390,pass,,,1780317473.7701826,0.0,0.0,True,0.0
corridor,cdo3g5c8,68,fivh368p,4pnhmhns,1,0,False,False,True,0,10,2925,multi,human,True,True,280,400,pass,,,1780317478.8510573,0.0,0.0,True,0.0
corridor,cdo3g5c8,69,fivh368p,4pnhmhns,0,0,True,True,False,10,0,2871,multi,human,True,True,290,400,collision,,,1780317483.7152305,0.0,0.0,True,0.0
corridor,cdo3g5c8,70,fivh368p,4pnhmhns,1,0,False,False,True,0,10,3987,multi,human,True,True,290,410,pass,,,1780317488.71403,0.0,0.0,True,0.0
corridor,cdo3g5c8,71,fivh368p,4pnhmhns,0,1,False,False,True,0,10,1610,multi,human,True,True,290,420,pass,,,1780317493.9458044,0.0,1.0,True,0.0
corridor,cdo3g5c8,72,fivh368p,4pnhmhns,1,0,False,False,True,0,10,1641,multi,human,True,True,290,430,pass,,,1780317498.8481457,0.0,0.0,True,0.0
corridor,cdo3g5c8,73,fivh368p,4pnhmhns,1,1,True,True,False,10,0,2975,multi,human,True,True,300,430,collision,,,1780317503.9668806,1.0,0.0,True,0.0
corridor,cdo3g5c8,74,fivh368p,4pnhmhns,0,0,True,True,False,10,0,3236,multi,human,True,True,310,430,collision,,,1780317508.7278786,1.0,1.0,True,0.0
corridor,cdo3g5c8,75,fivh368p,4pnhmhns,1,1,True,True,False,10,0,1088,multi,human,True,True,320,430,collision,,,1780317513.9165049,0.0,1.0,True,0.0
corridor,cdo3g5c8,76,fivh368p,4pnhmhns,0,0,True,True,False,10,0,3094,multi,human,True,True,330,430,collision,,,1780317518.933822,0.0,1.0,True,0.0
corridor,cdo3g5c8,77,fivh368p,4pnhmhns,1,0,False,False,True,0,10,2790,multi,human,True,True,330,440,pass,,,1780317524.2588391,0.0,1.0,True,0.0
corridor,cdo3g5c8,78,fivh368p,4pnhmhns,1,1,True,True,False,10,0,1584,multi,human,True,True,340,440,collision,,,1780317529.0430803,0.0,1.0,True,0.0
corridor,cdo3g5c8,79,fivh368p,4pnhmhns,1,0,False,False,True,0,10,2279,multi,human,True,True,340,450,pass,,,1780317534.2707198,0.0,1.0,True,0.0
corridor,cdo3g5c8,80,fivh368p,4pnhmhns,1,1,True,True,False,10,0,1010,multi,human,True,True,350,450,collision,,,1780317539.7355793,0.0,1.0,True,0.0
corridor,cdo3g5c8,81,fivh368p,4pnhmhns,0,1,False,False,True,0,10,3900,multi,human,True,True,350,460,pass,,,1780317544.97068,0.0,1.0,True,0.0
corridor,cdo3g5c8,82,fivh368p,4pnhmhns,1,1,True,True,False,10,0,1134,multi,human,True,True,360,460,collision,,,1780317549.9626238,0.0,1.0,True,0.0
corridor,cdo3g5c8,83,fivh368p,4pnhmhns,1,0,False,False,True,0,10,3122,multi,human,True,True,360,470,pass,,,1780317554.904819,1.0,0.0,True,0.0
corridor,cdo3g5c8,84,fivh368p,4pnhmhns,1,0,False,False,True,0,10,2841,multi,human,True,True,360,480,pass,,,1780317559.9505606,0.0,1.0,True,0.0
corridor,cdo3g5c8,85,fivh368p,4pnhmhns,1,1,True,True,False,10,0,3609,multi,human,True,True,370,480,collision,,,1780317565.2028027,1.0,0.0,True,0.0
corridor,cdo3g5c8,86,fivh368p,4pnhmhns,0,1,False,False,True,0,10,2219,multi,human,True,True,370,490,pass,,,1780317570.4134305,1.0,0.0,True,0.0
corridor,cdo3g5c8,87,fivh368p,4pnhmhns,1,0,False,False,True,0,10,3423,multi,human,True,True,370,500,pass,,,1780317575.3735795,1.0,0.0,True,0.0
corridor,cdo3g5c8,88,fivh368p,4pnhmhns,0,1,False,False,True,0,10,3223,multi,human,True,True,370,510,pass,,,1780317580.5689719,1.0,1.0,True,0.0
corridor,cdo3g5c8,89,fivh368p,4pnhmhns,1,0,False,False,True,0,10,1336,multi,human,True,True,370,520,pass,,,1780317585.8014076,1.0,1.0,True,0.0
corridor,cdo3g5c8,90,fivh368p,4pnhmhns,0,1,False,False,True,0,10,1557,multi,human,True,True,370,530,pass,,,1780317590.954811,1.0,0.0,True,0.0
corridor,cdo3g5c8,91,fivh368p,4pnhmhns,1,0,False,False,True,0,10,2478,multi,human,True,True,370,540,pass,,,1780317596.0076213,0.0,1.0,True,0.0
corridor,cdo3g5c8,92,fivh368p,4pnhmhns,1,1,True,True,False,10,0,3989,multi,human,True,True,380,540,collision,,,1780317601.243976,1.0,0.0,True,0.0
corridor,cdo3g5c8,93,fivh368p,4pnhmhns,1,0,False,False,True,0,10,1737,multi,human,True,True,380,550,pass,,,1780317606.385614,0.0,1.0,True,0.0
corridor,cdo3g5c8,94,fivh368p,4pnhmhns,1,0,False,False,True,0,10,1539,multi,human,True,True,380,560,pass,,,1780317611.7260578,1.0,0.0,True,0.0
corridor,cdo3g5c8,95,fivh368p,4pnhmhns,0,0,True,True,False,10,0,3748,multi,human,True,True,390,560,collision,,,1780317616.8133516,0.0,0.0,True,0.0
corridor,cdo3g5c8,96,fivh368p,4pnhmhns,1,0,False,False,True,0,10,2386,multi,human,True,True,390,570,pass,,,1780317621.6823976,1.0,0.0,True,0.0
corridor,cdo3g5c8,97,fivh368p,4pnhmhns,1,1,True,True,False,10,0,2748,multi,human,True,True,400,570,collision,,,1780317626.8575964,1.0,0.0,True,0.0
corridor,cdo3g5c8,98,fivh368p,4pnhmhns,0,0,True,True,False,10,0,3658,multi,human,True,True,410,570,collision,,,1780317631.8157003,0.0,1.0,True,0.0
corridor,cdo3g5c8,99,fivh368p,4pnhmhns,0,1,False,False,True,0,10,3869,multi,human,True,True,410,580,pass,,,1780317636.690682,1.0,0.0,True,0.0
corridor,cdo3g5c8,100,fivh368p,4pnhmhns,0,0,True,True,False,10,0,3949,multi,human,True,True,420,580,collision,,,1780317641.8876994,0.0,0.0,True,0.0
